{
    "100004041": [
        "WIKI:EN:Miguel_Falabella",
        "WIKI:EN:Oscar_Filho",
        "WIKI:EN:Tom_Danielson"
    ],
    "100008460": [
        "WIKI:EN:Laura_Berg",
        "WIKI:EN:Shannon_Leto",
        "WIKI:EN:Josh_Earl"
    ],
    "100031697": [
        "WIKI:EN:David_Gandy",
        "WIKI:EN:Rahul_Raj",
        "WIKI:EN:Ian_Somerhalder"
    ],
    "1000465040": [
        "WIKI:EN:Liam",
        "WIKI:EN:Niall_Horan",
        "WIKI:EN:Tommy_Tiernan"
    ],
    "1000466221": [
        "WIKI:EN:Zendaya",
        "WIKI:EN:Logan_Lerman",
        "WIKI:EN:H&M"
    ],
    "1000497458": [
        "WIKI:EN:Andy_Straka",
        "WIKI:EN:Ted_Goff",
        "WIKI:EN:Allu_Arjun"
    ],
    "1000818570": [
        "WIKI:EN:Nathan_Ballard",
        "WIKI:EN:Campbell_Brown",
        "WIKI:EN:Hugh_Laurie"
    ],
    "1000874750": [
        "WIKI:EN:Pablo_Carrillo",
        "WIKI:EN:David_Faitelson",
        "WIKI:EN:Andy_Vernon"
    ],
    "100101137": [
        "WIKI:EN:Jason_Strauss",
        "WIKI:EN:Michael_J._Fischer",
        "WIKI:EN:Drapht"
    ],
    "100123499": [
        "WIKI:EN:Kim_Feenstra",
        "WIKI:EN:Ed_Morrissey",
        "WIKI:EN:Julian_Casablancas"
    ],
    "100126414": [
        "WIKI:EN:Lil_Duval",
        "WIKI:EN:Martin_Garrix",
        "WIKI:EN:Jackie_Kashian"
    ],
    "100127782": [
        "WIKI:EN:Bengie_Molina",
        "WIKI:EN:Mike_Posner",
        "WIKI:EN:Ariana_Grande"
    ],
    "1001865625": [
        "WIKI:EN:ESPN",
        "WIKI:EN:Keith_Jenkins",
        "WIKI:EN:Dave_Mooney"
    ],
    "1002338478": [
        "WIKI:EN:Lexi_Thompson",
        "WIKI:EN:Paulina_Goto",
        "WIKI:EN:Judith_Hill"
    ],
    "1002370621": [
        "WIKI:EN:Katharine_Hayhoe",
        "WIKI:EN:Paulina_Rubio",
        "WIKI:EN:Juanes"
    ],
    "1002479173": [
        "WIKI:EN:John_Gruber",
        "WIKI:EN:Jeremy_Keith",
        "WIKI:EN:Judy_Murray"
    ],
    "1002734161": [
        "WIKI:EN:Natalia_Pogonina",
        "WIKI:EN:Liam",
        "WIKI:EN:Real_Madrid_C.F."
    ],
    "100303502": [
        "WIKI:EN:Glenn_Howerton",
        "WIKI:EN:Bindi_Irwin",
        "WIKI:EN:Andrew_Goldstein_(musician)"
    ],
    "1003094628": [
        "WIKI:EN:Nuria_Piera",
        "WIKI:EN:Mark_Gilroy",
        "WIKI:EN:Niall_Horan"
    ],
    "100311153": [
        "WIKI:EN:Ernie_Halter",
        "WIKI:EN:JJ_Lin",
        "WIKI:EN:New_Straits_Times"
    ],
    "1003160634": [
        "WIKI:EN:Alun_Wyn_Jones",
        "WIKI:EN:Daryl_Sabara",
        "WIKI:EN:Infoman"
    ],
    "100329389": [
        "WIKI:EN:James_Hibberd",
        "WIKI:EN:Michelle_Rodriguez",
        "WIKI:EN:Julieta_Venegas"
    ],
    "100336426": [
        "WIKI:EN:Jordi_Cruz",
        "WIKI:EN:Ashton_Kutcher",
        "WIKI:EN:Wynn_Las_Vegas"
    ],
    "100341806": [
        "WIKI:EN:Rafinha_Bastos",
        "WIKI:EN:Louise_Burfitt-Dons",
        "WIKI:EN:Orianthi"
    ],
    "100348420": [
        "WIKI:EN:Missy_Franklin",
        "WIKI:EN:Pedro_Ferriz_de_Con",
        "WIKI:EN:Ultra_Music"
    ],
    "100353062": [
        "WIKI:EN:El_Mercurio",
        "WIKI:EN:BBC_Mundo",
        "WIKI:EN:CNN_Chile"
    ],
    "100367661": [
        "WIKI:EN:Erkan_Can",
        "WIKI:EN:Levent_Kazak",
        "WIKI:EN:Harun_Tekin"
    ],
    "100382381": [
        "WIKI:EN:Pedro_Ferriz_de_Con",
        "WIKI:EN:Ilwad_Elman",
        "WIKI:EN:Consuelo_Duval"
    ],
    "1003950506": [
        "WIKI:EN:Alexander_Stubb",
        "WIKI:EN:Jeff_Norton",
        "WIKI:EN:Alf_Rehn"
    ],
    "1004113171": [
        "WIKI:EN:Layzie_Bone",
        "WIKI:EN:Krayzie_Bone",
        "WIKI:EN:Mick_LaSalle"
    ],
    "10043572": [
        "WIKI:EN:Matt_Maiocco",
        "WIKI:EN:Chris_Cillizza",
        "WIKI:EN:Continental_Airlines"
    ],
    "1004487295": [
        "WIKI:EN:Nicky_Romero",
        "WIKI:EN:Monica_Raymund",
        "WIKI:EN:Idris_Elba"
    ],
    "1004682006": [
        "WIKI:EN:Carla",
        "WIKI:EN:ERICA",
        "WIKI:EN:Jaque"
    ],
    "1004743650": [
        "WIKI:EN:Karina_Carvalho",
        "WIKI:EN:Guy_Verhofstadt",
        "WIKI:EN:Niall_Horan"
    ],
    "1004986386": [
        "WIKI:EN:Colin_Cowherd",
        "WIKI:EN:Breanna_Stewart",
        "WIKI:EN:Michael_Vick"
    ],
    "100499327": [
        "WIKI:EN:Yen_Press",
        "WIKI:EN:Hancinema",
        "WIKI:EN:Scott_Forstall"
    ],
    "100503113": [
        "WIKI:EN:Simon_Coveney",
        "WIKI:EN:Newstalk",
        "WIKI:EN:Toledo_Mud_Hens"
    ],
    "100536197": [
        "WIKI:EN:Raj_Patel",
        "WIKI:EN:David_Faitelson",
        "WIKI:EN:Elijah_Burke"
    ],
    "100539960": [
        "WIKI:EN:Eduardo_Spohr",
        "WIKI:EN:Banksy",
        "WIKI:EN:Emma_Watson"
    ],
    "100552039": [
        "WIKI:EN:Guido_Henkel",
        "WIKI:EN:John_C._Dvorak",
        "WIKI:EN:Sergei_Bobrovsky"
    ],
    "1005782072": [
        "WIKI:EN:Jesmyn_Ward",
        "WIKI:EN:Writer's_Digest",
        "WIKI:EN:Penguin_Random_House"
    ],
    "1005794179": [
        "WIKI:EN:Shakey_Graves",
        "WIKI:EN:Eroc",
        "WIKI:EN:Adam_Lambert"
    ],
    "100581547": [
        "WIKI:EN:Ian_Somerhalder",
        "WIKI:EN:Jared_Leto",
        "WIKI:EN:Geoff_Lloyd"
    ],
    "1005890864": [
        "WIKI:EN:Aleks_Syntek",
        "WIKI:EN:Carlos_Loret_de_Mola",
        "WIKI:EN:Erik_Rubin"
    ],
    "100602922": [
        "WIKI:EN:Entertainment_Earth",
        "WIKI:EN:Farruko",
        "WIKI:EN:Dan_Barber"
    ],
    "100605023": [
        "WIKI:EN:Paul_Porter",
        "WIKI:EN:Atul_Butte",
        "WIKI:EN:Katie_Ledecky"
    ],
    "100610581": [
        "WIKI:EN:Scooter_Braun",
        "WIKI:EN:Justin_Bieber",
        "WIKI:EN:David_Grosso"
    ],
    "100618369": [
        "WIKI:EN:Cut_Memey",
        "WIKI:EN:Sam_Champion",
        "WIKI:EN:Leela_James"
    ],
    "1006380030": [
        "WIKI:EN:Nic",
        "WIKI:EN:Nini",
        "WIKI:EN:WINN"
    ],
    "100643423": [
        "WIKI:EN:Manel",
        "WIKI:EN:Pablo_Sciuto",
        "WIKI:EN:Zebra_Katz"
    ],
    "1006489586": [
        "WIKI:EN:Alyson_Court",
        "WIKI:EN:Katya_Zamolodchikova",
        "WIKI:EN:Nabilla_Benattia"
    ],
    "100649594": [
        "WIKI:EN:Aaron_Paul",
        "WIKI:EN:Bryan_Cranston",
        "WIKI:EN:Frank_Quattrone"
    ],
    "1006497258": [
        "WIKI:EN:Ceza",
        "WIKI:EN:Jen_Selter",
        "WIKI:EN:Matthew_Segal"
    ],
    "1006745869": [
        "WIKI:EN:Gino_D'Acampo",
        "WIKI:EN:Daryl_Reaugh",
        "WIKI:EN:Shane_Filan"
    ],
    "1006972200": [
        "WIKI:EN:Divino",
        "WIKI:EN:Matthew_Keys",
        "WIKI:EN:Niall_Horan"
    ],
    "1007067950": [
        "WIKI:EN:Jaclyn_Victor",
        "WIKI:EN:Misha_Collins",
        "WIKI:EN:Jim_Beaver"
    ],
    "100710793": [
        "WIKI:EN:DE_magazine_Deutschland",
        "WIKI:EN:Mashable",
        "WIKI:EN:Ben_Sherman"
    ],
    "100746762": [
        "WIKI:EN:David_Lynch",
        "WIKI:EN:Box_Office_Mojo",
        "WIKI:EN:IMDb"
    ],
    "1007586636": [
        "WIKI:EN:Evanna_Lynch",
        "WIKI:EN:Megalyn_Echikunwoke",
        "WIKI:EN:Princess_Cruises"
    ],
    "1007809453": [
        "WIKI:EN:Bengie_Molina",
        "WIKI:EN:Niall_Horan",
        "WIKI:EN:Miley_Cyrus"
    ],
    "100782381": [
        "WIKI:EN:Rah_Digga",
        "WIKI:EN:Penguin_Random_House",
        "WIKI:EN:Goodreads"
    ],
    "1008035437": [
        "WIKI:EN:Michael_Cudlitz",
        "WIKI:EN:LeBron_James",
        "WIKI:EN:Jordy_Lucas"
    ],
    "1008247771": [
        "WIKI:EN:Craig_Fisher",
        "WIKI:EN:Ralph_Bakshi",
        "WIKI:EN:MC_Hammer"
    ],
    "100825335": [
        "WIKI:EN:Alex_Lynn",
        "WIKI:EN:Sean_Foreman",
        "WIKI:EN:Hamilton_Morris"
    ],
    "100853343": [
        "WIKI:EN:Stevie_Brown",
        "WIKI:EN:Matthew_VanDyke",
        "WIKI:EN:Radioacktiva"
    ],
    "100861785": [
        "WIKI:EN:Jimmy_Palmiotti",
        "WIKI:EN:Barack_Obama",
        "WIKI:EN:Sanctus_Real"
    ],
    "100888938": [
        "WIKI:EN:Arturo_Rivera",
        "WIKI:EN:Esteban_Arce",
        "WIKI:EN:Courtney_Upshaw"
    ],
    "1009020169": [
        "WIKI:EN:John_Smit",
        "WIKI:EN:Ryan_Reyes",
        "WIKI:EN:Boris_Becker"
    ],
    "1009327393": [
        "WIKI:EN:Josh_Kelley",
        "WIKI:EN:Kevin_Spacey",
        "WIKI:EN:Barack_Obama"
    ],
    "100956659": [
        "WIKI:EN:Lee_Unkrich",
        "WIKI:EN:Math_for_America",
        "WIKI:EN:HootSuite"
    ],
    "1009630860": [
        "WIKI:EN:Rocco_Siffredi",
        "WIKI:EN:Ruth_Silver",
        "WIKI:EN:Josh_Martinez"
    ],
    "1010171508": [
        "WIKI:EN:Scott_Krinsky",
        "WIKI:EN:Rutledge_Wood",
        "WIKI:EN:Niall_Horan"
    ],
    "1010330760": [
        "WIKI:EN:Daniel_Marsh",
        "WIKI:EN:Mukhtar_Abbas_Naqvi",
        "WIKI:EN:Nina_Dobrev"
    ],
    "101036488": [
        "WIKI:EN:Terry_Virgo",
        "WIKI:EN:Marc_Riley",
        "WIKI:EN:Perez_Hilton"
    ],
    "101067510": [
        "WIKI:EN:Michelle_McManus",
        "WIKI:EN:Monarcas_Morelia",
        "WIKI:EN:Canal_13_(Chile)"
    ],
    "101075232": [
        "WIKI:EN:Alejandro_Jodorowsky",
        "WIKI:EN:David_Farrier",
        "WIKI:EN:Oscar_Isaac"
    ],
    "101077773": [
        "WIKI:EN:Ted_Alexandro",
        "WIKI:EN:Bill_Simmons",
        "WIKI:EN:Chuck_Klosterman"
    ],
    "101099207": [
        "WIKI:EN:Dianna_Agron",
        "WIKI:EN:Richard_Prince",
        "WIKI:EN:Henry_Winter"
    ],
    "10113082": [
        "WIKI:EN:Jon_F._Merz",
        "WIKI:EN:Biz_Stone",
        "WIKI:EN:Arnold_Kim"
    ],
    "101137918": [
        "WIKI:EN:City_Pages",
        "WIKI:EN:Owen_King",
        "WIKI:EN:Michael_Franti"
    ],
    "101140731": [
        "WIKI:EN:Vladdo",
        "WIKI:EN:Noticias_Uno",
        "WIKI:EN:Noticias_Caracol"
    ],
    "101153119": [
        "WIKI:EN:Vladdo",
        "WIKI:EN:Mignon_Fogarty",
        "WIKI:EN:Jaime_Bayly"
    ],
    "101169594": [
        "WIKI:EN:Jesse_Giddings",
        "WIKI:EN:Mike_Rich",
        "WIKI:EN:Francisca_Valenzuela"
    ],
    "1011863071": [
        "WIKI:EN:David_Sze",
        "WIKI:EN:Sara_Crowe",
        "WIKI:EN:Laura_Bradford"
    ],
    "1012011308": [
        "WIKI:EN:Santiago_Segura",
        "WIKI:EN:Kim_Jong-un",
        "WIKI:EN:Phil_Hendrie"
    ],
    "101201281": [
        "WIKI:EN:Gail_Simone",
        "WIKI:EN:Jamie_Lynn_Spears",
        "WIKI:EN:Britney_Spears"
    ],
    "101210203": [
        "WIKI:EN:Melissa_Thomas",
        "WIKI:EN:Aura_Cristina_Geithner",
        "WIKI:EN:Amr_Diab"
    ],
    "1012241618": [
        "WIKI:EN:Brad_Feld",
        "WIKI:EN:Niall_Horan",
        "WIKI:EN:KaDee_Strickland"
    ],
    "1012258477": [
        "WIKI:EN:Chris_Dave",
        "WIKI:EN:Naomi_Watts",
        "WIKI:EN:Lady_Gaga"
    ],
    "101243114": [
        "WIKI:EN:Premier_League",
        "WIKI:EN:Podol",
        "WIKI:EN:Duilio_Davino"
    ],
    "101244568": [
        "WIKI:EN:Daniel_Viotto",
        "WIKI:EN:Juanes",
        "WIKI:EN:Leones_del_Caracas"
    ],
    "1012511618": [
        "WIKI:EN:Marcelo_Tinelli",
        "WIKI:EN:Barbara_Crampton",
        "WIKI:EN:Adrien_Silva"
    ],
    "1013165376": [
        "WIKI:EN:Ross_Robinson",
        "WIKI:EN:Jamie_Grace",
        "WIKI:EN:Kevin_Durant"
    ],
    "101345146": [
        "WIKI:EN:Adam_Schefter",
        "WIKI:EN:Katie_Cook",
        "WIKI:EN:Debra_Webb"
    ],
    "101348175": [
        "WIKI:EN:Casey_Abrams",
        "WIKI:EN:Mundo_Deportivo",
        "WIKI:EN:Shakira"
    ],
    "1013618389": [
        "WIKI:EN:Dani_Rovira",
        "WIKI:EN:Bruce_Venture",
        "WIKI:EN:Henry_Blodget"
    ],
    "101390694": [
        "WIKI:EN:Mono/Poly",
        "WIKI:EN:Ashton_Kutcher",
        "WIKI:EN:Jadakiss"
    ],
    "101402200": [
        "WIKI:EN:Irwansyah",
        "WIKI:EN:Conan_O'Brien",
        "WIKI:EN:Hank_Green"
    ],
    "101408415": [
        "WIKI:EN:Alejandro_Jodorowsky",
        "WIKI:EN:Love_of_Lesbian",
        "WIKI:EN:Adam_Sandler"
    ],
    "101435183": [
        "WIKI:EN:Paola_Rojas",
        "WIKI:EN:Carlos_Loret_de_Mola",
        "WIKI:EN:Javier_Corral_Jurado"
    ],
    "101455578": [
        "WIKI:EN:Chelsie_Hightower",
        "WIKI:EN:Dakota_Bradley",
        "WIKI:EN:Geocaching"
    ],
    "101532373": [
        "WIKI:EN:Francesco_Facchinetti",
        "WIKI:EN:Vanessa_Mesquita",
        "WIKI:EN:Michael_Franti"
    ],
    "1015529426": [
        "WIKI:EN:Alessandro_Del_Piero",
        "WIKI:EN:Giorgio_Chiellini",
        "WIKI:EN:Jennie_McAlpine"
    ],
    "101564059": [
        "WIKI:EN:Adela_Micha",
        "WIKI:EN:Paola_Rojas",
        "WIKI:EN:Mats_Zuccarello"
    ],
    "101570656": [
        "WIKI:EN:Linda_Ramone",
        "WIKI:EN:Colleen_Hoover",
        "WIKI:EN:Anne_Lamott"
    ],
    "1015789555": [
        "WIKI:EN:Khalid_Abdalla",
        "WIKI:EN:FC_Barcelona",
        "WIKI:EN:Esporte_Interativo"
    ],
    "101606404": [
        "WIKI:EN:Gerry_Scotti",
        "WIKI:EN:Rebecca_Haarlow",
        "WIKI:EN:Sheryl_WuDunn"
    ],
    "1016125681": [
        "WIKI:EN:Juliette_Binoche",
        "WIKI:EN:Joshua_Allen",
        "WIKI:EN:Kelly_Kapoor"
    ],
    "1016147888": [
        "WIKI:EN:Telva",
        "WIKI:EN:Damien_Rice",
        "WIKI:EN:Harper's_Bazaar"
    ],
    "101678096": [
        "WIKI:EN:Laurence_Golborne",
        "WIKI:EN:Residente",
        "WIKI:EN:Ricardo_Lagos_Weber"
    ],
    "101684764": [
        "WIKI:EN:Maxene_Magalona",
        "WIKI:EN:Julian_Assange",
        "WIKI:EN:Ryan_Seacrest"
    ],
    "101687807": [
        "WIKI:EN:Phil_Liggett",
        "WIKI:EN:Russell_Crowe",
        "WIKI:EN:Memoria_Chilena"
    ],
    "101692360": [
        "WIKI:EN:Polo_Polo",
        "WIKI:EN:Shakira",
        "WIKI:EN:Lady_Gaga"
    ],
    "101721345": [
        "WIKI:EN:Melissa_Gonzalez",
        "WIKI:EN:Anthony_Rizzo",
        "WIKI:EN:Lenny_Kravitz"
    ],
    "1017330493": [
        "WIKI:EN:Tom_Schaar",
        "WIKI:EN:Kyan_Khojandi",
        "WIKI:EN:Mycroft_Holmes"
    ],
    "1017561212": [
        "WIKI:EN:Toby_Gad",
        "WIKI:EN:Andy_Diggle",
        "WIKI:EN:Dani_Mateo"
    ],
    "1017668882": [
        "WIKI:EN:Chris_Fleming",
        "WIKI:EN:Taylor_Momsen",
        "WIKI:EN:Griffin_Gluck"
    ],
    "1017794486": [
        "WIKI:EN:Tele13",
        "WIKI:EN:BBC_Mundo",
        "WIKI:EN:Karl_Pilkington"
    ],
    "101801111": [
        "WIKI:EN:Yeltsin_Tejeda",
        "WIKI:EN:George_Salazar",
        "WIKI:EN:Ray_William_Johnson"
    ],
    "101801943": [
        "WIKI:EN:Ed_Kashi",
        "WIKI:EN:Ruby_Walsh",
        "WIKI:EN:Cassandra_Clare"
    ],
    "1018042374": [
        "WIKI:EN:Until_We_Get_Caught",
        "WIKI:EN:Even_If_It_Kills_Me",
        "WIKI:EN:Rodrigo_Mora"
    ],
    "1018314182": [
        "WIKI:EN:Sarah_Newton",
        "WIKI:EN:Emmett_J._Scanlan",
        "WIKI:EN:Jim_Lanzone"
    ],
    "1018338006": [
        "WIKI:EN:Alexandre_Lacazette",
        "WIKI:EN:Blaise_Matuidi",
        "WIKI:EN:Larry_Fong"
    ],
    "101865955": [
        "WIKI:EN:Stephen_Silver",
        "WIKI:EN:Stig_Abell",
        "WIKI:EN:Peter_Schmeichel"
    ],
    "101866367": [
        "WIKI:EN:Edwyn_Collins",
        "WIKI:EN:STV_News",
        "WIKI:EN:Stephen_Fry"
    ],
    "1018670268": [
        "WIKI:EN:Andrew_Dalton",
        "WIKI:EN:Matthew_Barnes-Homer",
        "WIKI:EN:Michelle_Obama"
    ],
    "1018765028": [
        "WIKI:EN:Augusten_Burroughs",
        "WIKI:EN:Shaun_Cooper",
        "WIKI:EN:Guillermo_Ochoa"
    ],
    "101878450": [
        "WIKI:EN:Angela_Douglas",
        "WIKI:EN:Kat_Von_D",
        "WIKI:EN:Ewan_McGregor"
    ],
    "101881961": [
        "WIKI:EN:Eric_Dean_Seaton",
        "WIKI:EN:LZ_Granderson",
        "WIKI:EN:Commerce_minister"
    ],
    "101894464": [
        "WIKI:EN:Khaled_El_Nabawy",
        "WIKI:EN:Booba",
        "WIKI:EN:Veronica_Webb"
    ],
    "1019070283": [
        "WIKI:EN:El_Universo",
        "WIKI:EN:AJ+",
        "WIKI:EN:Calvin_Harris"
    ],
    "101910254": [
        "WIKI:EN:Julia_Morris",
        "WIKI:EN:Aleksandr_Gorin",
        "WIKI:EN:Nayef"
    ],
    "101923507": [
        "WIKI:EN:Eugenio_Derbez",
        "WIKI:EN:Ely_Guerra",
        "WIKI:EN:Tom_Warren"
    ],
    "101934224": [
        "WIKI:EN:Carlos_Baute",
        "WIKI:EN:Javier_Alatorre",
        "WIKI:EN:Enrique_Iglesias"
    ],
    "101935414": [
        "WIKI:EN:Shinichi_Osawa",
        "WIKI:EN:Gilles_Peterson",
        "WIKI:EN:Peter_Barakan"
    ],
    "101938507": [
        "WIKI:EN:Taste_of_Home",
        "WIKI:EN:Politico",
        "WIKI:EN:VerticalResponse"
    ],
    "101948722": [
        "WIKI:EN:Jake_Wood",
        "WIKI:EN:Perttu_Kivilaakso",
        "WIKI:EN:Tarja_Turunen"
    ],
    "101972486": [
        "WIKI:EN:Sara_Maldonado",
        "WIKI:EN:David_Carreira",
        "WIKI:EN:Chilango"
    ],
    "1019910242": [
        "WIKI:EN:Don_Nichols",
        "WIKI:EN:Anna_Holmes",
        "WIKI:EN:Phillip_Buchanon"
    ],
    "1020119850": [
        "WIKI:EN:Alberto_Contador",
        "WIKI:EN:Santiago_Segura",
        "WIKI:EN:Wayne_Kerr"
    ],
    "102035654": [
        "WIKI:EN:Gerard_Joling",
        "WIKI:EN:Kim_Feenstra",
        "WIKI:EN:Tupele_Dorgu"
    ],
    "10203812": [
        "WIKI:EN:Carlos_Mena",
        "WIKI:EN:Candide_Thovex",
        "WIKI:EN:Victor_Rasuk"
    ],
    "1020415165": [
        "WIKI:EN:Ravel_Morrison",
        "WIKI:EN:Mark_Kirk",
        "WIKI:EN:Melanie_C"
    ],
    "1020434226": [
        "WIKI:EN:Robert_Woodard",
        "WIKI:EN:Demi_Lovato",
        "WIKI:EN:Bruno_Mars"
    ],
    "1020553891": [
        "WIKI:EN:Wiz_Khalifa",
        "WIKI:EN:Alicia_Keys",
        "WIKI:EN:Nicki_Minaj"
    ],
    "1020650042": [
        "WIKI:EN:Richard_Keys",
        "WIKI:EN:Human_Rights_Campaign",
        "WIKI:EN:Cleveland_Clinic"
    ],
    "102091751": [
        "WIKI:EN:Dylan_Evans",
        "WIKI:EN:Trevor_Immelman",
        "WIKI:EN:Alfred_Sole"
    ],
    "102091856": [
        "WIKI:EN:Matteo_Renzi",
        "WIKI:EN:Joe_Jonas",
        "WIKI:EN:Ben_Hoffman"
    ],
    "102104895": [
        "WIKI:EN:Ivi_Adamou",
        "WIKI:EN:Miyavi",
        "WIKI:EN:Tim_Lincecum"
    ],
    "102116728": [
        "WIKI:EN:Olallo_Rubio",
        "WIKI:EN:Joe_Piscopo",
        "WIKI:EN:Polo_Polo"
    ],
    "102126264": [
        "WIKI:EN:Julia_Gillard",
        "WIKI:EN:Native_Instruments",
        "WIKI:EN:Dallas_Cowboys"
    ],
    "1021270255": [
        "WIKI:EN:Mira_Lesmana",
        "WIKI:EN:Acha_Septriasa",
        "WIKI:EN:DetikCom"
    ],
    "102131599": [
        "WIKI:EN:Dany_Saadia",
        "WIKI:EN:Rob_Pike",
        "WIKI:EN:Marcelo_Claure"
    ],
    "102144889": [
        "WIKI:EN:Tim_Masthay",
        "WIKI:EN:Travis_Barker",
        "WIKI:EN:Jason_Bent"
    ],
    "102155500": [
        "WIKI:EN:Aleks_Syntek",
        "WIKI:EN:Javier_Alatorre",
        "WIKI:EN:Gabe_Zichermann"
    ],
    "1021610683": [
        "WIKI:EN:Fabio_Volo",
        "WIKI:EN:Yvette_Fielding",
        "WIKI:EN:Melissa_Satta"
    ],
    "102166227": [
        "WIKI:EN:Rachel_Vincent",
        "WIKI:EN:Rachel_Caine",
        "WIKI:EN:Larissa_Ione"
    ],
    "1021691316": [
        "WIKI:EN:Larry_Fong",
        "WIKI:EN:Rove_McManus",
        "WIKI:EN:Hugh_Acheson"
    ],
    "1021985196": [
        "WIKI:EN:Ricky_Rubio",
        "WIKI:EN:Santiago_Segura",
        "WIKI:EN:Dani_Rovira"
    ],
    "102212820": [
        "WIKI:EN:Stephen_Michael",
        "WIKI:EN:Carmen_Aristegui",
        "WIKI:EN:S._J._Tucker"
    ],
    "102214545": [
        "WIKI:EN:Jeff_Pearlman",
        "WIKI:EN:Casey_Donahew",
        "WIKI:EN:Britney_Spears"
    ],
    "1022204426": [
        "WIKI:EN:Osi_Umenyiora",
        "WIKI:EN:Shay_Mitchell",
        "WIKI:EN:Ashley_Benson"
    ],
    "102228227": [
        "WIKI:EN:The_Roots",
        "WIKI:EN:Katie_Fforde",
        "WIKI:EN:The_Pharcyde"
    ],
    "102238504": [
        "WIKI:EN:Adela_Micha",
        "WIKI:EN:Carlos_Loret_de_Mola",
        "WIKI:EN:Esteban_Arce"
    ],
    "1022448679": [
        "WIKI:EN:Terri_Runnels",
        "WIKI:EN:League_of_Legends",
        "WIKI:EN:Alex_Brooker"
    ],
    "1022457601": [
        "WIKI:EN:Justus_Sheffield",
        "WIKI:EN:Marco_Borsato",
        "WIKI:EN:Osric_Chau"
    ],
    "1022546299": [
        "WIKI:EN:Adamson_University",
        "WIKI:EN:Team_Secret",
        "WIKI:EN:Dana_Gonzales"
    ],
    "1022621294": [
        "WIKI:EN:Eduardo_Spohr",
        "WIKI:EN:Rachel_Shabi",
        "WIKI:EN:Kimberly_Guilfoyle"
    ],
    "1022867144": [
        "WIKI:EN:Kiko_Loureiro",
        "WIKI:EN:Mike_Newkirk",
        "WIKI:EN:Rafael_Bittencourt"
    ],
    "1023010538": [
        "WIKI:EN:Carla",
        "WIKI:EN:Ece",
        "WIKI:EN:Hailee_Steinfeld"
    ],
    "10235502": [
        "WIKI:EN:Jenna_Wortham",
        "WIKI:EN:Nicole_Lyn",
        "WIKI:EN:Chabad.org"
    ],
    "102380221": [
        "WIKI:EN:John_Dahl",
        "WIKI:EN:Cory_Booker",
        "WIKI:EN:Amanda_Carpenter"
    ],
    "1024239650": [
        "WIKI:EN:Deepak_Chopra",
        "WIKI:EN:Dalai_Lama",
        "WIKI:EN:The_Beatles"
    ],
    "102449580": [
        "WIKI:EN:Eugenio_Derbez",
        "WIKI:EN:Wolf_Blitzer",
        "WIKI:EN:Mike_Krieger"
    ],
    "102463822": [
        "WIKI:EN:Eliza_Dushku",
        "WIKI:EN:Neil_Patrick_Harris",
        "WIKI:EN:Sony_Pictures"
    ],
    "1024729050": [
        "WIKI:EN:Ahmet_Kural",
        "WIKI:EN:NTV_Spor",
        "WIKI:EN:Pontifical_Catholic_University_of_Peru"
    ],
    "102481859": [
        "WIKI:EN:Colm_Cooper",
        "WIKI:EN:Orianthi",
        "WIKI:EN:Shakira"
    ],
    "102484946": [
        "WIKI:EN:Bonnie_Somerville",
        "WIKI:EN:Cristiano_Ronaldo",
        "WIKI:EN:Real_Madrid_C.F."
    ],
    "1024944397": [
        "WIKI:EN:Gavin_Hewitt",
        "WIKI:EN:Steven_Gerrard",
        "WIKI:EN:Premier_League"
    ],
    "1024965140": [
        "WIKI:EN:Adal_Ramones",
        "WIKI:EN:Silvia_Olmedo",
        "WIKI:EN:Carla_Morrison"
    ],
    "1024988730": [
        "WIKI:EN:Nicki",
        "WIKI:EN:Europa-Park",
        "WIKI:EN:Karol"
    ],
    "1025117072": [
        "WIKI:EN:Cyanide_&_Happiness",
        "WIKI:EN:Tessa_Kennedy",
        "WIKI:EN:Carol_Hansen"
    ],
    "102512579": [
        "WIKI:EN:Brad_Fitzpatrick",
        "WIKI:EN:Dannii_Minogue",
        "WIKI:EN:Jake_Shears"
    ],
    "102516970": [
        "WIKI:EN:Marcus_Trescothick",
        "WIKI:EN:Simone_Simons",
        "WIKI:EN:Lil_Rob"
    ],
    "102520211": [
        "WIKI:EN:Anthony_Morrow",
        "WIKI:EN:Dash_Berlin",
        "WIKI:EN:Katy_Perry"
    ],
    "1025469163": [
        "WIKI:EN:Chris_Hecker",
        "WIKI:EN:Rolling_Stone",
        "WIKI:EN:Sundance_Film_Festival"
    ],
    "1025650062": [
        "WIKI:EN:Richard_Edelman",
        "WIKI:EN:Paul_Martin",
        "WIKI:EN:Vinay_Rai"
    ],
    "1025655775": [
        "WIKI:EN:Liz_Lieu",
        "WIKI:EN:Boomer_Esiason",
        "WIKI:EN:Jai_Paul"
    ],
    "1025657472": [
        "WIKI:EN:Gwen_Stefani",
        "WIKI:EN:Holly_Marie_Combs",
        "WIKI:EN:Metallica"
    ],
    "102574866": [
        "WIKI:EN:Lauren_Conrad",
        "WIKI:EN:Britney_Spears",
        "WIKI:EN:YouTube"
    ],
    "10258252": [
        "WIKI:EN:Rea_Garvey",
        "WIKI:EN:Maud_Newton",
        "WIKI:EN:Patrick_Stump"
    ],
    "102619395": [
        "WIKI:EN:Carly_Booth",
        "WIKI:EN:Oliver_Thornton",
        "WIKI:EN:Myq_Kaplan"
    ],
    "1026298681": [
        "WIKI:EN:Maisie_Williams",
        "WIKI:EN:Coldplay",
        "WIKI:EN:KCEE"
    ],
    "1026861175": [
        "WIKI:EN:Steven_Lee_Olsen",
        "WIKI:EN:Isabel",
        "WIKI:EN:GIO"
    ],
    "102692926": [
        "WIKI:EN:David_Shrigley",
        "WIKI:EN:Hakan_Celik",
        "WIKI:EN:SoundCloud"
    ],
    "1027337827": [
        "WIKI:EN:Alf_Rehn",
        "WIKI:EN:WWE",
        "WIKI:EN:Did_You_Know_Gaming?"
    ],
    "102754039": [
        "WIKI:EN:Alfonso_de_Anda",
        "WIKI:EN:Mike_Mullin",
        "WIKI:EN:Mick_Wallace"
    ],
    "10276932": [
        "WIKI:EN:Jason_Kottke",
        "WIKI:EN:Sol_Republic",
        "WIKI:EN:Neil_Gaiman"
    ],
    "1027719169": [
        "WIKI:EN:Laurent_Ruquier",
        "WIKI:EN:Jacqueline_Gold",
        "WIKI:EN:One_Direction"
    ],
    "102782932": [
        "WIKI:EN:Murat_Cemcir",
        "WIKI:EN:Ahmet_Kural",
        "WIKI:EN:The_Blizzard"
    ],
    "102790504": [
        "WIKI:EN:Bridgit_Mendler",
        "WIKI:EN:Bonnie_McKee",
        "WIKI:EN:Wildlife_Warriors"
    ],
    "102791034": [
        "WIKI:EN:Danielle_Nierenberg",
        "WIKI:EN:Bear_Grylls",
        "WIKI:EN:The_Beatles"
    ],
    "1028067528": [
        "WIKI:EN:Jay_Pharoah",
        "WIKI:EN:Jamie_Foxx",
        "WIKI:EN:Daren_Millard"
    ],
    "102827568": [
        "WIKI:EN:Nichi_Vendola",
        "WIKI:EN:Cinemex",
        "WIKI:EN:Wingo"
    ],
    "102833474": [
        "WIKI:EN:Rainn_Wilson",
        "WIKI:EN:Jeff_Burton",
        "WIKI:EN:Scott_Simon"
    ],
    "1028429347": [
        "WIKI:EN:Is-a",
        "WIKI:EN:Matheus",
        "WIKI:EN:Batatinha"
    ],
    "102845332": [
        "WIKI:EN:Kurt_Andersen",
        "WIKI:EN:Solange_Knowles",
        "WIKI:EN:Oprah_Winfrey"
    ],
    "102873385": [
        "WIKI:EN:Parker_Posey",
        "WIKI:EN:Scientific_American",
        "WIKI:EN:Science_News"
    ],
    "102888427": [
        "WIKI:EN:Rickey_Smiley",
        "WIKI:EN:Jonah_Hill",
        "WIKI:EN:Thibaut_Courtois"
    ],
    "1029020569": [
        "WIKI:EN:Masahiro_Sakurai",
        "WIKI:EN:Eduardo_Galeano",
        "WIKI:EN:Warner_Channel"
    ],
    "1029025598": [
        "WIKI:EN:Motionless_in_White",
        "WIKI:EN:Warped_Tour",
        "WIKI:EN:Shy'm"
    ],
    "10292942": [
        "WIKI:EN:Michael_Vaughan",
        "WIKI:EN:Tony_Palermo",
        "WIKI:EN:Patrick_Reichelt"
    ],
    "1029493698": [
        "WIKI:EN:Christie_Blatchford",
        "WIKI:EN:Daniel_Andrews",
        "WIKI:EN:William_Hague"
    ],
    "1029660373": [
        "WIKI:EN:Alice_Waters",
        "WIKI:EN:Niall_Horan",
        "WIKI:EN:Kajol"
    ],
    "102984360": [
        "WIKI:EN:Min_Reyes",
        "WIKI:EN:Brian_McFadden",
        "WIKI:EN:Rosanna_Davison"
    ],
    "103002623": [
        "WIKI:EN:Morgan_Baker",
        "WIKI:EN:Arthur_Masuaku",
        "WIKI:EN:Dwayne_Johnson"
    ],
    "1030099532": [
        "WIKI:EN:James_Wan",
        "WIKI:EN:Melissa_Stark",
        "WIKI:EN:Demi_Lovato"
    ],
    "1030233325": [
        "WIKI:EN:Christian_Ehrhoff",
        "WIKI:EN:Niall_Horan",
        "WIKI:EN:Louis_Tomlinson"
    ],
    "103040155": [
        "WIKI:EN:Bruce_Burton",
        "WIKI:EN:Henry_B._Eyring",
        "WIKI:EN:InterJet"
    ],
    "1030482722": [
        "WIKI:EN:Luis_Manzano",
        "WIKI:EN:Christian_Bautista",
        "WIKI:EN:Robi_Domingo"
    ],
    "1030526876": [
        "WIKI:EN:Paresh_Patel",
        "WIKI:EN:Conrad_Black",
        "WIKI:EN:Tim_Farley"
    ],
    "1030623170": [
        "WIKI:EN:Alok",
        "WIKI:EN:Liam",
        "WIKI:EN:Carlos_Lisboa"
    ],
    "103086335": [
        "WIKI:EN:Eduardo_Varela",
        "WIKI:EN:NFL_Network",
        "WIKI:EN:ONEFA"
    ],
    "1030876123": [
        "WIKI:EN:Gail_Kasper",
        "WIKI:EN:Lykke_Li",
        "WIKI:EN:Armin_van_Buuren"
    ],
    "103097074": [
        "WIKI:EN:Devin_the_Dude",
        "WIKI:EN:Drew_Fuller",
        "WIKI:EN:Kourtney_Kardashian"
    ],
    "103115352": [
        "WIKI:EN:Once_Mekel",
        "WIKI:EN:Buddy_Miller",
        "WIKI:EN:Chris_Cornell"
    ],
    "103117989": [
        "WIKI:EN:Beto_Ortiz",
        "WIKI:EN:David_Guetta",
        "WIKI:EN:Alan_Yang"
    ],
    "103130076": [
        "WIKI:EN:Roberto_Pettinato",
        "WIKI:EN:Bill_Ralston",
        "WIKI:EN:Santiago_Segura"
    ],
    "103130914": [
        "WIKI:EN:Carla_Morrison",
        "WIKI:EN:Julianna_Guill",
        "WIKI:EN:Demi_Lovato"
    ],
    "1031412776": [
        "WIKI:EN:Ree_Drummond",
        "WIKI:EN:Tommy_Tee",
        "WIKI:EN:Writer's_Digest"
    ],
    "103154966": [
        "WIKI:EN:James_Curnow",
        "WIKI:EN:Christopher_Tompkins",
        "WIKI:EN:New_Zealand_Labour_Party"
    ],
    "1031589355": [
        "WIKI:EN:Sondre_Lerche",
        "WIKI:EN:Stevie_Richards",
        "WIKI:EN:Nando's"
    ],
    "1031647746": [
        "WIKI:EN:Stuart_Goldsmith",
        "WIKI:EN:The_Rugby_Championship",
        "WIKI:EN:Instagram"
    ],
    "103173368": [
        "WIKI:EN:Frank_Wildhorn",
        "WIKI:EN:Zach_Galifianakis",
        "WIKI:EN:Michelle_Obama"
    ],
    "1031751391": [
        "WIKI:EN:Sway_Calloway",
        "WIKI:EN:Milan_Lucic",
        "WIKI:EN:Yelawolf"
    ],
    "103198494": [
        "WIKI:EN:Buzz_Aldrin",
        "WIKI:EN:Eriq_La_Salle",
        "WIKI:EN:Dunelm_Group"
    ],
    "1032009678": [
        "WIKI:EN:K._Michelle",
        "WIKI:EN:Keyshia_Cole",
        "WIKI:EN:Ron_Jon_Surf_Shop"
    ],
    "103205394": [
        "WIKI:EN:Bakari_Sellers",
        "WIKI:EN:Roger_Corman",
        "WIKI:EN:Jamie_Oliver"
    ],
    "10321932": [
        "WIKI:EN:Brad_Potts",
        "WIKI:EN:Design_Observer",
        "WIKI:EN:Matador_Network"
    ],
    "103232008": [
        "WIKI:EN:Studio_Brussel",
        "WIKI:EN:Matt_Lauer",
        "WIKI:EN:Rock_the_Bells"
    ],
    "103232022": [
        "WIKI:EN:Paulo_Coelho",
        "WIKI:EN:Kate_Lawler",
        "WIKI:EN:TV_Patrol"
    ],
    "1032409795": [
        "WIKI:EN:Bob_Sinclar",
        "WIKI:EN:Martin_Solveig",
        "WIKI:EN:Richard_Fortus"
    ],
    "103246786": [
        "WIKI:EN:Exclaim!",
        "WIKI:EN:Tokyo_Ghoul",
        "WIKI:EN:ZDF"
    ],
    "1032592020": [
        "WIKI:EN:Instagram",
        "WIKI:EN:Marco_Luque",
        "WIKI:EN:Michael_Novogratz"
    ],
    "1032661988": [
        "WIKI:EN:Liya_Kebede",
        "WIKI:EN:Freddy_Adu",
        "WIKI:EN:Daniel_Padilla"
    ],
    "103289920": [
        "WIKI:EN:Heather_Spohr",
        "WIKI:EN:Andy_Butler",
        "WIKI:EN:Le_Castle_Vania"
    ],
    "1032926671": [
        "WIKI:EN:Ahdaf_Soueif",
        "WIKI:EN:Carly_Rae_Jepsen",
        "WIKI:EN:Kingdom_Hearts"
    ],
    "1033016544": [
        "WIKI:EN:Tanya_Tate",
        "WIKI:EN:Taylor_Momsen",
        "WIKI:EN:Avril_Lavigne"
    ],
    "1033212666": [
        "WIKI:EN:Greg_Hemphill",
        "WIKI:EN:Graham_Elwood",
        "WIKI:EN:Anderson_Cooper"
    ],
    "1033314642": [
        "WIKI:EN:Avril_Lavigne",
        "WIKI:EN:Theo_Walcott",
        "WIKI:EN:Ed_Sheeran"
    ],
    "103337197": [
        "WIKI:EN:Carly_Booth",
        "WIKI:EN:Selena_Gomez",
        "WIKI:EN:Emma_Watson"
    ],
    "103342595": [
        "WIKI:EN:La_Chat",
        "WIKI:EN:Joe_Jonas",
        "WIKI:EN:Demi_Lovato"
    ],
    "103358027": [
        "WIKI:EN:Justin_Chatwin",
        "WIKI:EN:Novak_Djokovic",
        "WIKI:EN:Adidas_Originals"
    ],
    "1033644528": [
        "WIKI:EN:Vinnie_Politan",
        "WIKI:EN:Michael_Monroe",
        "WIKI:EN:Selena_Gomez"
    ],
    "1033729885": [
        "WIKI:EN:David_Ellefson",
        "WIKI:EN:Metallica",
        "WIKI:EN:Megadeth"
    ],
    "1034036905": [
        "WIKI:EN:E._L._James",
        "WIKI:EN:Michael_Vaughan",
        "WIKI:EN:Doris_Schroeder"
    ],
    "103405911": [
        "WIKI:EN:Marcelo_Adnet",
        "WIKI:EN:Kris_Carr",
        "WIKI:EN:Julian_Casablancas"
    ],
    "1034085013": [
        "WIKI:EN:John_Frazier",
        "WIKI:EN:Liam_Gallagher",
        "WIKI:EN:Today's_Golfer"
    ],
    "1034161": [
        "WIKI:EN:Ethan_Kaplan",
        "WIKI:EN:Biz_Stone",
        "WIKI:EN:Beatie_Wolfe"
    ],
    "103427207": [
        "WIKI:EN:Residente",
        "WIKI:EN:Drew_Butera",
        "WIKI:EN:Dentinho"
    ],
    "103430847": [
        "WIKI:EN:Kimberly_Thompson",
        "WIKI:EN:Martin_Henderson",
        "WIKI:EN:Kara_Swisher"
    ],
    "1034372562": [
        "WIKI:EN:Elzhi",
        "WIKI:EN:Luke_Rathborne",
        "WIKI:EN:Madlib"
    ],
    "103454079": [
        "WIKI:EN:Jim_Smallman",
        "WIKI:EN:Alex_Goot",
        "WIKI:EN:FIFA"
    ],
    "103461258": [
        "WIKI:EN:Ian_Waite",
        "WIKI:EN:Marcel_Hirscher",
        "WIKI:EN:Bizzy_Bone"
    ],
    "1034967680": [
        "WIKI:EN:Jasmine_Tookes",
        "WIKI:EN:Michele_Mahone",
        "WIKI:EN:Pattie_Mallette"
    ],
    "1035120564": [
        "WIKI:EN:Xian_Lim",
        "WIKI:EN:Angelica_Panganiban",
        "WIKI:EN:Trae_Waynes"
    ],
    "1035244034": [
        "WIKI:EN:Bear_Grylls",
        "WIKI:EN:Amy_Guth",
        "WIKI:EN:Will_Mahoney"
    ],
    "1035284948": [
        "WIKI:EN:Citizen_(band)",
        "WIKI:EN:Defeater",
        "WIKI:EN:Keith_Barker"
    ],
    "103561363": [
        "WIKI:EN:Alex_M.O.R.P.H.",
        "WIKI:EN:Marques_Brownlee",
        "WIKI:EN:Jodie_Meeks"
    ],
    "103601160": [
        "WIKI:EN:Thom_Yorke",
        "WIKI:EN:Joanna_Blythman",
        "WIKI:EN:Ryuichi_Sakamoto"
    ],
    "1036032132": [
        "WIKI:EN:Annabel_Crabb",
        "WIKI:EN:Evan_Sanders",
        "WIKI:EN:Jessica_Sanchez"
    ],
    "103606815": [
        "WIKI:EN:Tim_Wheeler",
        "WIKI:EN:Carlos_Vives",
        "WIKI:EN:Juanes"
    ],
    "1036289552": [
        "WIKI:EN:BryanStars",
        "WIKI:EN:Julie_Estelle",
        "WIKI:EN:Vince_Hill"
    ],
    "1036623025": [
        "WIKI:EN:All_Time_Low",
        "WIKI:EN:Modern_Baseball",
        "WIKI:EN:Dr._Rock"
    ],
    "103683926": [
        "WIKI:EN:Jamie_Hyneman",
        "WIKI:EN:Tapatalk",
        "WIKI:EN:Fernando_Amorebieta"
    ],
    "1036889304": [
        "WIKI:EN:Versace",
        "WIKI:EN:Burberry",
        "WIKI:EN:Giorgio_Armani"
    ],
    "103695833": [
        "WIKI:EN:Michelle_Anderson",
        "WIKI:EN:Will_Ferrell",
        "WIKI:EN:CK-12_Foundation"
    ],
    "1036966026": [
        "WIKI:EN:Tim_Cone",
        "WIKI:EN:Jonathan_Head",
        "WIKI:EN:Sam_Claflin"
    ],
    "103697635": [
        "WIKI:EN:Kevin_McCloud",
        "WIKI:EN:David_Faitelson",
        "WIKI:EN:Mundo_Deportivo"
    ],
    "103710272": [
        "WIKI:EN:Dennis_Werth",
        "WIKI:EN:Steve_Kamb",
        "WIKI:EN:Downtown_Calgary"
    ],
    "1037218188": [
        "WIKI:EN:Jessica_Capshaw",
        "WIKI:EN:Amy_Brenneman",
        "WIKI:EN:Fabio_Volo"
    ],
    "103724029": [
        "WIKI:EN:Simon_Kinberg",
        "WIKI:EN:David_Steinman",
        "WIKI:EN:Brooke_Anderson"
    ],
    "103734233": [
        "WIKI:EN:Craig_Custance",
        "WIKI:EN:Daniel_Tosh",
        "WIKI:EN:Anders_Holm"
    ],
    "1037439548": [
        "WIKI:EN:Jim_Acosta",
        "WIKI:EN:Kris_Jenner",
        "WIKI:EN:Mekhi_Phifer"
    ],
    "1037446747": [
        "WIKI:EN:Ruggero_Pasquarelli",
        "WIKI:EN:Keri-Anne_Payne",
        "WIKI:EN:Lodovica_Comello"
    ],
    "103754789": [
        "WIKI:EN:Remember_the_Milk",
        "WIKI:EN:TwitPic",
        "WIKI:EN:Ayumi_Hamasaki"
    ],
    "103764862": [
        "WIKI:EN:Marty_Markowitz",
        "WIKI:EN:Raditya_dika",
        "WIKI:EN:Patrick_Star"
    ],
    "1037660724": [
        "WIKI:EN:Justin_Bieber",
        "WIKI:EN:Cher_Lloyd",
        "WIKI:EN:Madison_Beer"
    ],
    "103774344": [
        "WIKI:EN:Christian_Louboutin",
        "WIKI:EN:Anna_Drijver",
        "WIKI:EN:Kat_Von_D"
    ],
    "1037800752": [
        "WIKI:EN:Business_Insider",
        "WIKI:EN:Eric_Ries",
        "WIKI:EN:Kiva"
    ],
    "103797817": [
        "WIKI:EN:Scha_Al-Yahya",
        "WIKI:EN:Lisa_Surihani",
        "WIKI:EN:Fernando_Schwartz"
    ],
    "1038012194": [
        "WIKI:EN:Gord_Stellick",
        "WIKI:EN:Jerrold_Tarog",
        "WIKI:EN:Lucy_O'Brien"
    ],
    "103803248": [
        "WIKI:EN:Seamus_Dever",
        "WIKI:EN:Jim_Beaver",
        "WIKI:EN:Bill_Elliott"
    ],
    "1038045986": [
        "WIKI:EN:John_Hanke",
        "WIKI:EN:Scooter_Braun",
        "WIKI:EN:Justin_Bieber"
    ],
    "103804651": [
        "WIKI:EN:The_Public_Theater",
        "WIKI:EN:PsychAlive",
        "WIKI:EN:Zaytung"
    ],
    "103828607": [
        "WIKI:EN:Patricia_Bullrich",
        "WIKI:EN:Aubrey_de_Grey",
        "WIKI:EN:Gabriela_Michetti"
    ],
    "103866018": [
        "WIKI:EN:Rolando_Schiavi",
        "WIKI:EN:Okey_Ndibe",
        "WIKI:EN:Alejandro_Fantino"
    ],
    "103876251": [
        "WIKI:EN:Jo_Kwon",
        "WIKI:EN:Leeteuk",
        "WIKI:EN:Kevin_Woo"
    ],
    "103885155": [
        "WIKI:EN:Kevin_Barr",
        "WIKI:EN:Luke_McGregor",
        "WIKI:EN:Warren_Sapp"
    ],
    "103901070": [
        "WIKI:EN:Zoltan_Istvan",
        "WIKI:EN:Misha_Omar",
        "WIKI:EN:Noticieros_Televisa"
    ],
    "103907235": [
        "WIKI:EN:Raj_Patel",
        "WIKI:EN:Eric_Bischoff",
        "WIKI:EN:Emily_Osment"
    ],
    "1039128638": [
        "WIKI:EN:Eloisa_James",
        "WIKI:EN:Luanne_Rice",
        "WIKI:EN:Meg_Cabot"
    ],
    "103917375": [
        "WIKI:EN:Ludwika_Paleta",
        "WIKI:EN:Carlos_Loret_de_Mola",
        "WIKI:EN:Tom_Cullen"
    ],
    "1039180452": [
        "WIKI:EN:Luis_Figueroa",
        "WIKI:EN:Thomas_Boswell",
        "WIKI:EN:Justin_Trudeau"
    ],
    "103988575": [
        "WIKI:EN:Ridgid",
        "WIKI:EN:Marc_Colombo",
        "WIKI:EN:Hallie_Haglund"
    ],
    "103992679": [
        "WIKI:EN:Alex_Poythress",
        "WIKI:EN:Skrillex",
        "WIKI:EN:Cristiano_Ronaldo"
    ],
    "1039948508": [
        "WIKI:EN:Khairy_Jamaluddin",
        "WIKI:EN:Negeri_Sembilan",
        "WIKI:EN:Danny_Mountain"
    ],
    "1040058876": [
        "WIKI:EN:Mauricio_Sanchez",
        "WIKI:EN:James_Maslow",
        "WIKI:EN:Jaden_Smith"
    ],
    "1040173813": [
        "WIKI:EN:Mon_Laferte",
        "WIKI:EN:Cristian_Hidalgo",
        "WIKI:EN:Elis_Paprika"
    ],
    "104022970": [
        "WIKI:EN:Ahmed_Patel",
        "WIKI:EN:Marcelo_Adnet",
        "WIKI:EN:Cristiano_Ronaldo"
    ],
    "104023328": [
        "WIKI:EN:Eike_Batista",
        "WIKI:EN:Stuart_Armstrong",
        "WIKI:EN:Lloyd_Cole"
    ],
    "1040253625": [
        "WIKI:EN:Natus_Vincere",
        "WIKI:EN:Dota_2",
        "WIKI:EN:Dota_2"
    ],
    "104029464": [
        "WIKI:EN:Mary_Lou_Retton",
        "WIKI:EN:Manuel_L._Quezon_III",
        "WIKI:EN:Lil_Duval"
    ],
    "1040331618": [
        "WIKI:EN:Alexia_Putellas",
        "WIKI:EN:Valentino_Rossi",
        "WIKI:EN:Jane_Goldman"
    ],
    "104045503": [
        "WIKI:EN:Bob_Payne",
        "WIKI:EN:Leni_Robredo",
        "WIKI:EN:Joe_Sugg"
    ],
    "1040612312": [
        "WIKI:EN:Syamsul_Yusof",
        "WIKI:EN:Mehmet_Oz",
        "WIKI:EN:Shailene_Woodley"
    ],
    "104063445": [
        "WIKI:EN:Carles_Puyol",
        "WIKI:EN:HUMO",
        "WIKI:EN:Gustavo_Cerati"
    ],
    "1040719962": [
        "WIKI:EN:Hipstamatic",
        "WIKI:EN:Instagram",
        "WIKI:EN:Steve_Novak"
    ],
    "104077121": [
        "WIKI:EN:Josh_Stein",
        "WIKI:EN:Daniel_Radosh",
        "WIKI:EN:Ashton_Kutcher"
    ],
    "1040784312": [
        "WIKI:EN:Branden_Steineckert",
        "WIKI:EN:Champs_Sports",
        "WIKI:EN:Dot_da_Genius"
    ],
    "1041111367": [
        "WIKI:EN:Mike_Harrington",
        "WIKI:EN:Nicholas_Kristof",
        "WIKI:EN:Global_Trade_Watch"
    ],
    "104111703": [
        "WIKI:EN:Anwar_Ibrahim",
        "WIKI:EN:Nurul_Izzah_Anwar",
        "WIKI:EN:Vodafone_New_Zealand"
    ],
    "104127252": [
        "WIKI:EN:Pat_Forde",
        "WIKI:EN:The_Score_Group",
        "WIKI:EN:Utah_Jazz"
    ],
    "1041275712": [
        "WIKI:EN:Rachael_Ray",
        "WIKI:EN:Shona_McGarty",
        "WIKI:EN:Guy_Fieri"
    ],
    "1041283249": [
        "WIKI:EN:Kenny_Chesney",
        "WIKI:EN:Scott_Jurek",
        "WIKI:EN:Jordan_Kovacs"
    ],
    "104138787": [
        "WIKI:EN:Samy_Kamkar",
        "WIKI:EN:The_Intercept",
        "WIKI:EN:Hacker_News"
    ],
    "1041461594": [
        "WIKI:EN:Simon_&_Schuster",
        "WIKI:EN:Kensington_Books",
        "WIKI:EN:Goodreads"
    ],
    "104156615": [
        "WIKI:EN:Tom_Holland_(author)",
        "WIKI:EN:Andy_Burrows",
        "WIKI:EN:Warren_Sapp"
    ],
    "1041593366": [
        "WIKI:EN:Sam_Khalifa",
        "WIKI:EN:Gordon_Edes",
        "WIKI:EN:Mo_Rocca"
    ],
    "104239528": [
        "WIKI:EN:Luciano_Ligabue",
        "WIKI:EN:Sabina_Guzzanti",
        "WIKI:EN:Ivan_Basso"
    ],
    "1042408370": [
        "WIKI:EN:Alan_McDermott",
        "WIKI:EN:Terry_Tyler",
        "WIKI:EN:Tyler_Polumbus"
    ],
    "104244091": [
        "WIKI:EN:Giada_De_Laurentiis",
        "WIKI:EN:Chilango",
        "WIKI:EN:Morning_Ireland"
    ],
    "1042531747": [
        "WIKI:EN:Joan_Walsh",
        "WIKI:EN:Tom_Hiddleston",
        "WIKI:EN:Adele"
    ],
    "104257253": [
        "WIKI:EN:Phil_X",
        "WIKI:EN:Julieta_Venegas",
        "WIKI:EN:David_Lynch"
    ],
    "104265805": [
        "WIKI:EN:Ben_Myers",
        "WIKI:EN:Kim_Richards",
        "WIKI:EN:Chris_Watson"
    ],
    "104265880": [
        "WIKI:EN:Hakan_Demir",
        "WIKI:EN:Hasan_Cemal",
        "WIKI:EN:Eduardo"
    ],
    "1042671271": [
        "WIKI:EN:Juergen_Mayer",
        "WIKI:EN:Marisa_Miller",
        "WIKI:EN:Emma_Watson"
    ],
    "104267462": [
        "WIKI:EN:Guy_Benson",
        "WIKI:EN:Tobias_Ellwood",
        "WIKI:EN:Schoolboy_Q"
    ],
    "104307126": [
        "WIKI:EN:C.C._Chapman",
        "WIKI:EN:Darren_Rovell",
        "WIKI:EN:Ross_Kemp"
    ],
    "104308467": [
        "WIKI:EN:Bobbie_Houston",
        "WIKI:EN:Desmond_Jennings",
        "WIKI:EN:Ashley_Tisdale"
    ],
    "104315635": [
        "WIKI:EN:Ely_Guerra",
        "WIKI:EN:Leonardo_de_Lozanne",
        "WIKI:EN:Diego_Luna"
    ],
    "10432162": [
        "WIKI:EN:Jarrett_Payton",
        "WIKI:EN:Emily_Head",
        "WIKI:EN:Charles_Kelley"
    ],
    "104326390": [
        "WIKI:EN:Rick_Bayless",
        "WIKI:EN:Marimar_Vega",
        "WIKI:EN:Andy_Borowitz"
    ],
    "1043356478": [
        "WIKI:EN:Jamie_Carragher",
        "WIKI:EN:Tony_Fiorentino",
        "WIKI:EN:Paul_Verhoeven_(Australia)"
    ],
    "1043598745": [
        "WIKI:EN:Gisselle",
        "WIKI:EN:Alessandro_Cattelan",
        "WIKI:EN:Tavon_Wilson"
    ],
    "1043840479": [
        "WIKI:EN:The_Luminary",
        "WIKI:EN:Super_Duper",
        "WIKI:EN:JaCoby_Jones"
    ],
    "104385677": [
        "WIKI:EN:Siti_Nurhaliza",
        "WIKI:EN:Tony_Fernandes",
        "WIKI:EN:Manuel_Teodoro"
    ],
    "1043948564": [
        "WIKI:EN:Joumana_Haddad",
        "WIKI:EN:Francois_Hougaard",
        "WIKI:EN:Machinima"
    ],
    "104395831": [
        "WIKI:EN:Carlos_Mena",
        "WIKI:EN:Susan_Hendricks",
        "WIKI:EN:Liquideep"
    ],
    "1044006126": [
        "WIKI:EN:Pinterest",
        "WIKI:EN:Goodreads",
        "WIKI:EN:Barnes_&_Noble"
    ],
    "104400737": [
        "WIKI:EN:Mikey_Way",
        "WIKI:EN:Cecil_Shorts_III",
        "WIKI:EN:Jared_Leto"
    ],
    "1044280435": [
        "WIKI:EN:Sanjeev_Sanyal",
        "WIKI:EN:Andrea_Saul",
        "WIKI:EN:Daniel_Portman"
    ],
    "104431004": [
        "WIKI:EN:Miki_Nadal",
        "WIKI:EN:Berto_Romero",
        "WIKI:EN:Damien_Rice"
    ],
    "104438673": [
        "WIKI:EN:Silvia_Olmedo",
        "WIKI:EN:Sally_Ann_Matthews",
        "WIKI:EN:Nelly_Furtado"
    ],
    "1044471212": [
        "WIKI:EN:Ian_Somerhalder",
        "WIKI:EN:Logan_Lerman",
        "WIKI:EN:Taylor_Swift"
    ],
    "1044602276": [
        "WIKI:EN:Pastora_Soler",
        "WIKI:EN:Sarah_Posner",
        "WIKI:EN:Rosario_Flores"
    ],
    "1044832632": [
        "WIKI:EN:Brad_Ellis",
        "WIKI:EN:Stefan_de_Vrij",
        "WIKI:EN:Rachelle_Ann_Go"
    ],
    "1044955489": [
        "WIKI:EN:Astro_Awani",
        "WIKI:EN:Premier_League",
        "WIKI:EN:New_York_&_Company"
    ],
    "1045140930": [
        "WIKI:EN:Liam",
        "WIKI:EN:Louis_Tomlinson",
        "WIKI:EN:Kyra_Gracie"
    ],
    "104521127": [
        "WIKI:EN:Kat_Perkins",
        "WIKI:EN:Matty_Mullins",
        "WIKI:EN:Ashley_Taylor_Dawson"
    ],
    "1045221092": [
        "WIKI:EN:Max_Richter",
        "WIKI:EN:Tom_Middleton",
        "WIKI:EN:Russell_Hobbs"
    ],
    "104530917": [
        "WIKI:EN:Gael_Monfils",
        "WIKI:EN:PowToon",
        "WIKI:EN:Dailymotion"
    ],
    "104534345": [
        "WIKI:EN:Residente",
        "WIKI:EN:Enrique_Iglesias",
        "WIKI:EN:Daddy_Yankee"
    ],
    "104538822": [
        "WIKI:EN:Betty_Buckley",
        "WIKI:EN:Karen_Gillan",
        "WIKI:EN:Oliver_Stone"
    ],
    "1045514712": [
        "WIKI:EN:Nando_Reis",
        "WIKI:EN:Andy_Greenwald",
        "WIKI:EN:The_Kooks"
    ],
    "104554025": [
        "WIKI:EN:Ilse_DeLange",
        "WIKI:EN:3VOOR12",
        "WIKI:EN:De_Balie"
    ],
    "104558435": [
        "WIKI:EN:David_Brock",
        "WIKI:EN:Bill_Gates",
        "WIKI:EN:ABA_Journal"
    ],
    "1045684898": [
        "WIKI:EN:Daniel_Dae_Kim",
        "WIKI:EN:Stephen_Amell",
        "WIKI:EN:Puffin_Books"
    ],
    "104569017": [
        "WIKI:EN:Michael_Sheen",
        "WIKI:EN:Peter_Facinelli",
        "WIKI:EN:Willie_McGinest"
    ],
    "104582982": [
        "WIKI:EN:Myles_Jackman",
        "WIKI:EN:Adal_Ramones",
        "WIKI:EN:Joe_Jonas"
    ],
    "104600554": [
        "WIKI:EN:Alison_Tyler",
        "WIKI:EN:Peter_Mensah",
        "WIKI:EN:Armi_Millare"
    ],
    "104608417": [
        "WIKI:EN:Chilango",
        "WIKI:EN:Cinemex",
        "WIKI:EN:Nature_Canada"
    ],
    "104610806": [
        "WIKI:EN:Luis_Chataing",
        "WIKI:EN:Juan_Pablo_Raba",
        "WIKI:EN:Carla_Medina"
    ],
    "104620962": [
        "WIKI:EN:Russell_Simmons",
        "WIKI:EN:Marlon_Wayans",
        "WIKI:EN:Solange_Knowles"
    ],
    "1046610404": [
        "WIKI:EN:Jared_Turner",
        "WIKI:EN:Dominic_Thiem",
        "WIKI:EN:Felipe_Caicedo"
    ],
    "1046622463": [
        "WIKI:EN:Val_Kilmer",
        "WIKI:EN:Aaron_Rodgers",
        "WIKI:EN:Hobby_Farms_(magazine)"
    ],
    "104662808": [
        "WIKI:EN:Laurence_Golborne",
        "WIKI:EN:Carolina_de_Moras",
        "WIKI:EN:Radio_Monte_Carlo"
    ],
    "1046874044": [
        "WIKI:EN:Bad_Suns",
        "WIKI:EN:Lotto_Max",
        "WIKI:EN:Jamba_Juice"
    ],
    "1047023743": [
        "WIKI:EN:James_Maslow",
        "WIKI:EN:Logan_Henderson",
        "WIKI:EN:Kendall_Schmidt"
    ],
    "104714436": [
        "WIKI:EN:Gayle_King",
        "WIKI:EN:Rebecca_MacKinnon",
        "WIKI:EN:Tyra_Banks"
    ],
    "1047280824": [
        "WIKI:EN:Dom_Irrera",
        "WIKI:EN:Emile_Hirsch",
        "WIKI:EN:Nicki_Minaj"
    ],
    "1047769183": [
        "WIKI:EN:Vivian_Schiller",
        "WIKI:EN:Steve_Wolfhard",
        "WIKI:EN:Louis_Tomlinson"
    ],
    "1047796609": [
        "WIKI:EN:Sylvie_Meis",
        "WIKI:EN:Jason_Bentley",
        "WIKI:EN:Tara_Lipinski"
    ],
    "1047934177": [
        "WIKI:EN:Joel_Goldman",
        "WIKI:EN:Atom_Araullo",
        "WIKI:EN:Jenna_Marbles"
    ],
    "1047970694": [
        "WIKI:EN:Cem_Uzan",
        "WIKI:EN:Zeki_Demirkubuz",
        "WIKI:EN:Cem_Adrian"
    ],
    "1048052941": [
        "WIKI:EN:Sergio_Aguayo",
        "WIKI:EN:Craig_Ramsay",
        "WIKI:EN:Xabi_Alonso"
    ],
    "1048132836": [
        "WIKI:EN:Yukari_Tamura",
        "WIKI:EN:Joshua_Allen",
        "WIKI:EN:MTV_News"
    ],
    "1048145376": [
        "WIKI:EN:Max_Blumenthal",
        "WIKI:EN:Beauty_Gonzalez",
        "WIKI:EN:Rick_Grimes"
    ],
    "1048163100": [
        "WIKI:EN:Shelly_Martinez",
        "WIKI:EN:Nate_Lanxon",
        "WIKI:EN:Mark_Zuckerberg"
    ],
    "1048211288": [
        "WIKI:EN:Jeremy_Affeldt",
        "WIKI:EN:Tiffany_Alvord",
        "WIKI:EN:Demi_Lovato"
    ],
    "104838778": [
        "WIKI:EN:Consuelo_Duval",
        "WIKI:EN:Polo_Polo",
        "WIKI:EN:Mark_Berman"
    ],
    "1048593152": [
        "WIKI:EN:G-Eazy",
        "WIKI:EN:San_E",
        "WIKI:EN:Katy_Perry"
    ],
    "1048745910": [
        "WIKI:EN:Jo_Whiley",
        "WIKI:EN:Fearne_Cotton",
        "WIKI:EN:Carly_Craig"
    ],
    "1049003036": [
        "WIKI:EN:Haluk_Levent",
        "WIKI:EN:Diamond_Dallas_Page",
        "WIKI:EN:Christy_Nockels"
    ],
    "10491382": [
        "WIKI:EN:John_Battelle",
        "WIKI:EN:Rich_Barton",
        "WIKI:EN:Mateus_Solano"
    ],
    "104914914": [
        "WIKI:EN:DJ_Rap",
        "WIKI:EN:Adam_Bouska",
        "WIKI:EN:The_Playground"
    ],
    "104914917": [
        "WIKI:EN:Entertainment_Weekly",
        "WIKI:EN:Inquirer_Libre",
        "WIKI:EN:Google"
    ],
    "1049162425": [
        "WIKI:EN:Anthony_Davidson",
        "WIKI:EN:Jens_Bergensten",
        "WIKI:EN:Mojang"
    ],
    "104917165": [
        "WIKI:EN:John_Kincade",
        "WIKI:EN:Wynne_Evans",
        "WIKI:EN:Denise_Rosenthal"
    ],
    "104925609": [
        "WIKI:EN:Bhupender_Yadav",
        "WIKI:EN:Dr._Rock",
        "WIKI:EN:Danilo_Gentili"
    ],
    "104933275": [
        "WIKI:EN:Adela_Micha",
        "WIKI:EN:Fernando_Schwartz",
        "WIKI:EN:Claudia_Fragapane"
    ],
    "104954902": [
        "WIKI:EN:Adolfo_Aguilar",
        "WIKI:EN:Josh_Peck",
        "WIKI:EN:Drake_Bell"
    ],
    "10495702": [
        "WIKI:EN:Xabi_Alonso",
        "WIKI:EN:Sid_Lowe",
        "WIKI:EN:Ricky_Rubio"
    ],
    "1049623170": [
        "WIKI:EN:Maria_Ressa",
        "WIKI:EN:Marcell_Jansen",
        "WIKI:EN:Alessandra_De_Rossi"
    ],
    "104977607": [
        "WIKI:EN:Kylie_Pentelow",
        "WIKI:EN:Tom_Felton",
        "WIKI:EN:J._K._Rowling"
    ],
    "105000559": [
        "WIKI:EN:Alex_Hayes",
        "WIKI:EN:Marcel_Hirscher",
        "WIKI:EN:Justin_Timberlake"
    ],
    "1050022700": [
        "WIKI:EN:Syamsul_Yusof",
        "WIKI:EN:Lisa_Surihani",
        "WIKI:EN:Khairy_Jamaluddin"
    ],
    "10500822": [
        "WIKI:EN:Alison_Levine",
        "WIKI:EN:Jason_Reitman",
        "WIKI:EN:Danny!"
    ],
    "105008436": [
        "WIKI:EN:Ray_Shah",
        "WIKI:EN:Sabrina_Sato",
        "WIKI:EN:Juliana_Paes"
    ],
    "105011368": [
        "WIKI:EN:Nate_Ravitz",
        "WIKI:EN:Catherine_Fulop",
        "WIKI:EN:Candela_Vetrano"
    ],
    "1050147318": [
        "WIKI:EN:Hooman_Majd",
        "WIKI:EN:Kasra_Naji",
        "WIKI:EN:Lex_Veldhuis"
    ],
    "105034796": [
        "WIKI:EN:Evanna_Lynch",
        "WIKI:EN:Coldplay",
        "WIKI:EN:Tom_Felton"
    ],
    "105099349": [
        "WIKI:EN:Ethan_Nadelmann",
        "WIKI:EN:Maggie_Stiefvater",
        "WIKI:EN:Jimmy_Carr"
    ],
    "105106176": [
        "WIKI:EN:Mike_Davidson",
        "WIKI:EN:Sarah_McLaughlin",
        "WIKI:EN:James_DeGale"
    ],
    "1051108351": [
        "WIKI:EN:Matteo_Salvini",
        "WIKI:EN:Mick_Foley",
        "WIKI:EN:Willa_Holland"
    ],
    "1051121473": [
        "WIKI:EN:Margo_Glantz",
        "WIKI:EN:Denise_Dresser",
        "WIKI:EN:Steve_Marmel"
    ],
    "1051145474": [
        "WIKI:EN:Playboy",
        "WIKI:EN:Hampton_Creek",
        "WIKI:EN:Only_the_Blues"
    ],
    "1051240908": [
        "WIKI:EN:Carlos_Bacca",
        "WIKI:EN:Hope_Akpan",
        "WIKI:EN:Rihanna"
    ],
    "105143827": [
        "WIKI:EN:Carey_Hart",
        "WIKI:EN:William_Shatner",
        "WIKI:EN:Allison_Melnick"
    ],
    "105150125": [
        "WIKI:EN:Radioshow",
        "WIKI:EN:The_Changcuters",
        "WIKI:EN:YouTube"
    ],
    "105168385": [
        "WIKI:EN:Spencer_Ackerman",
        "WIKI:EN:Rick_Barnes",
        "WIKI:EN:Aziz_Ansari"
    ],
    "105174268": [
        "WIKI:EN:Tom_Bradby",
        "WIKI:EN:Tegan_and_Sara",
        "WIKI:EN:Ben_Swift"
    ],
    "1051819196": [
        "WIKI:EN:Matthew_Williamson",
        "WIKI:EN:Mark_Waid",
        "WIKI:EN:Steve_Carell"
    ],
    "105194599": [
        "WIKI:EN:Leah_McSweeney",
        "WIKI:EN:Andrew_McMahon",
        "WIKI:EN:Aaron's,_Inc."
    ],
    "105198211": [
        "WIKI:EN:Bina_Shah",
        "WIKI:EN:David_Bisbal",
        "WIKI:EN:LaRoyce_Hawkins"
    ],
    "1051983049": [
        "WIKI:EN:Carlos_Carvalhal",
        "WIKI:EN:The_Beatles",
        "WIKI:EN:Justin_Bieber"
    ],
    "1052012186": [
        "WIKI:EN:Rob_Refsnyder",
        "WIKI:EN:Audrey_Assad",
        "WIKI:EN:Louie_Anderson"
    ],
    "105204483": [
        "WIKI:EN:Mario_Armstrong",
        "WIKI:EN:Rosalyn_Gold-Onwude",
        "WIKI:EN:VMware"
    ],
    "105209472": [
        "WIKI:EN:Calvin_Harris",
        "WIKI:EN:Ryan_Gosling",
        "WIKI:EN:Willa_Holland"
    ],
    "105223642": [
        "WIKI:EN:Patrick_Chung",
        "WIKI:EN:The_Beatles",
        "WIKI:EN:Justin_Bieber"
    ],
    "105256564": [
        "WIKI:EN:Alejandro_Jodorowsky",
        "WIKI:EN:John_Breslin",
        "WIKI:EN:DJ_Pain_1"
    ],
    "105257837": [
        "WIKI:EN:Noel_Sullivan",
        "WIKI:EN:Pope_Francis",
        "WIKI:EN:Grammarly"
    ],
    "105269963": [
        "WIKI:EN:Lady_Gaga",
        "WIKI:EN:Pablo",
        "WIKI:EN:Melbourne_Theatre_Company"
    ],
    "105270868": [
        "WIKI:EN:Julie_Kedzie",
        "WIKI:EN:Can_Bonomo",
        "WIKI:EN:Paolo_Nutini"
    ],
    "1052719579": [
        "WIKI:EN:Tareq_Salahi",
        "WIKI:EN:Niall_Horan",
        "WIKI:EN:Fernando_Navarro"
    ],
    "1052881836": [
        "WIKI:EN:Juan_Varela",
        "WIKI:EN:Niall_Horan",
        "WIKI:EN:Ryan_Sampson"
    ],
    "1053015865": [
        "WIKI:EN:Misha_Ge",
        "WIKI:EN:Helen_Flanagan",
        "WIKI:EN:Emma_Watson"
    ],
    "105318640": [
        "WIKI:EN:Naomi_Wolf",
        "WIKI:EN:Troy_Vincent",
        "WIKI:EN:Laurell_K._Hamilton"
    ],
    "105320169": [
        "WIKI:EN:El_Espectador",
        "WIKI:EN:TransMilenio",
        "WIKI:EN:Ethan_Suplee"
    ],
    "105330342": [
        "WIKI:EN:Mariana_Rios",
        "WIKI:EN:Shay_Mitchell",
        "WIKI:EN:Policy_Exchange"
    ],
    "10533722": [
        "WIKI:EN:Magal",
        "WIKI:EN:Manuel_Ferrara",
        "WIKI:EN:Olivia_Lee"
    ],
    "1053624582": [
        "WIKI:EN:Jerzy_Buzek",
        "WIKI:EN:Paulina_Goto",
        "WIKI:EN:Lindy_Booth"
    ],
    "1053723427": [
        "WIKI:EN:Michelle_Gomez",
        "WIKI:EN:Cara_Delevingne",
        "WIKI:EN:Isabel_Marant"
    ],
    "1053862592": [
        "WIKI:EN:Nate_Lanxon",
        "WIKI:EN:Demi_Lovato",
        "WIKI:EN:Taylor_Swift"
    ],
    "1053897104": [
        "WIKI:EN:Buster_Olney",
        "WIKI:EN:Richard_Bedford",
        "WIKI:EN:Ray_William_Johnson"
    ],
    "1053947882": [
        "WIKI:EN:Rockstar_Games",
        "WIKI:EN:Bill_Amend",
        "WIKI:EN:PlayStation"
    ],
    "105406926": [
        "WIKI:EN:Urbandub",
        "WIKI:EN:Michael_Dean_Shelton",
        "WIKI:EN:Texas_Hippie_Coalition"
    ],
    "1054082509": [
        "WIKI:EN:Nick_Harkaway",
        "WIKI:EN:James_DeGale",
        "WIKI:EN:Ellen_DeGeneres"
    ],
    "105421570": [
        "WIKI:EN:Ryan_Blaney",
        "WIKI:EN:Muy_Interesante",
        "WIKI:EN:Blair_Waldorf"
    ],
    "105422165": [
        "WIKI:EN:Matt_Paradis",
        "WIKI:EN:Estria",
        "WIKI:EN:Philippe_Couillard"
    ],
    "105437124": [
        "WIKI:EN:Michael_Kessler",
        "WIKI:EN:Nate_Simpson",
        "WIKI:EN:Dan_Stemkoski"
    ],
    "105457593": [
        "WIKI:EN:Andy_Burnham",
        "WIKI:EN:Patricia_Bullrich",
        "WIKI:EN:Eric_Schneiderman"
    ],
    "105463512": [
        "WIKI:EN:Lynette_Chico",
        "WIKI:EN:John_W._Henry",
        "WIKI:EN:Lucas_Leiva"
    ],
    "1054797607": [
        "WIKI:EN:Ploughshares",
        "WIKI:EN:Bobby_Valentine",
        "WIKI:EN:Fernando_Alonso"
    ],
    "105506114": [
        "WIKI:EN:Bruno_Marioni",
        "WIKI:EN:Shakira",
        "WIKI:EN:American_Tourister"
    ],
    "1055062825": [
        "WIKI:EN:Richard_Sambrook",
        "WIKI:EN:Kyle_Noke",
        "WIKI:EN:Laurie_Penny"
    ],
    "1055104291": [
        "WIKI:EN:Instituto_Cervantes",
        "WIKI:EN:El_Malpensante",
        "WIKI:EN:Magento"
    ],
    "105519423": [
        "WIKI:EN:Galilea_Montijo",
        "WIKI:EN:Carlos_Loret_de_Mola",
        "WIKI:EN:Montserrat_Oliver"
    ],
    "105520536": [
        "WIKI:EN:Will_Richardson",
        "WIKI:EN:Mindy_Kaling",
        "WIKI:EN:Kathy_Griffin"
    ],
    "105529855": [
        "WIKI:EN:Carlotta_Ferlito",
        "WIKI:EN:Luis_Fonsi",
        "WIKI:EN:Cheryl_Reeve"
    ],
    "105553307": [
        "WIKI:EN:Lee_Unkrich",
        "WIKI:EN:Christy_Clark",
        "WIKI:EN:Max_Lugavere"
    ],
    "105567943": [
        "WIKI:EN:Volaris",
        "WIKI:EN:Muy_Interesante",
        "WIKI:EN:Holly_Weston"
    ],
    "105569822": [
        "WIKI:EN:Karl_Lagerfeld",
        "WIKI:EN:Kaya_Scodelario",
        "WIKI:EN:Emma_Watson"
    ],
    "105592288": [
        "WIKI:EN:Conor_McNamara",
        "WIKI:EN:Sue_Vertue",
        "WIKI:EN:Carla_Morrison"
    ],
    "105645265": [
        "WIKI:EN:George_Jarkesy",
        "WIKI:EN:Fernanda_Motta",
        "WIKI:EN:Miranda_Cosgrove"
    ],
    "1056513145": [
        "WIKI:EN:Instituto_Cervantes",
        "WIKI:EN:ABC_(newspaper)",
        "WIKI:EN:Cedric_the_Entertainer"
    ],
    "1056631249": [
        "WIKI:EN:Bruce_Gilden",
        "WIKI:EN:Veronica_Belmont",
        "WIKI:EN:Niki_Taylor"
    ],
    "10569722": [
        "WIKI:EN:Peter_Somerville",
        "WIKI:EN:Tim_Pawlenty",
        "WIKI:EN:Travis_Frederick"
    ],
    "1057112401": [
        "WIKI:EN:Roc_Nation",
        "WIKI:EN:Rihanna",
        "WIKI:EN:Frank_Bruni"
    ],
    "1057516135": [
        "WIKI:EN:Red_Hot_Chili_Peppers",
        "WIKI:EN:The_Beatles",
        "WIKI:EN:Kenny_Wayne_Shepherd"
    ],
    "1057613264": [
        "WIKI:EN:Cam_Atkinson",
        "WIKI:EN:Mauricio_Pinilla",
        "WIKI:EN:Camila_Vallejo"
    ],
    "1057662908": [
        "WIKI:EN:Jim_Iyke",
        "WIKI:EN:Floortje_Dessing",
        "WIKI:EN:Phillip_Schofield"
    ],
    "1057687470": [
        "WIKI:EN:Adam_Lyth",
        "WIKI:EN:Julia_Roberts",
        "WIKI:EN:UEFA_Europa_League"
    ],
    "1057995750": [
        "WIKI:EN:Bob_Levy_(comedian)",
        "WIKI:EN:Kelley_O'Hara",
        "WIKI:EN:Rockdelux"
    ],
    "1058041224": [
        "WIKI:EN:Binyamin_Appelbaum",
        "WIKI:EN:Rodrigo_Pacheco",
        "WIKI:EN:Kourtney_Kardashian"
    ],
    "105812073": [
        "WIKI:EN:James_Hannon",
        "WIKI:EN:Russell_Brand",
        "WIKI:EN:Emma_Watson"
    ],
    "105821710": [
        "WIKI:EN:Charlie_Brooks",
        "WIKI:EN:Shaun_White",
        "WIKI:EN:Andrew_Belle"
    ],
    "105841361": [
        "WIKI:EN:Felice_Herrig",
        "WIKI:EN:Jim_Beaver",
        "WIKI:EN:Janet_Jackson"
    ],
    "1058489468": [
        "WIKI:EN:Kevin_Interdonato",
        "WIKI:EN:Liam",
        "WIKI:EN:Niall_Horan"
    ],
    "105879098": [
        "WIKI:EN:Conor_Murphy",
        "WIKI:EN:Ryan_Gage",
        "WIKI:EN:Charlie_Sheen"
    ],
    "1058995674": [
        "WIKI:EN:Ryan_Seacrest",
        "WIKI:EN:Tom_Llamas",
        "WIKI:EN:Katy_Perry"
    ],
    "1059054384": [
        "WIKI:EN:Residente",
        "WIKI:EN:Cosculluela",
        "WIKI:EN:De_La_Ghetto"
    ],
    "1059078516": [
        "WIKI:EN:Louis_Tomlinson",
        "WIKI:EN:Niall_Horan",
        "WIKI:EN:Little_Mix"
    ],
    "1059093152": [
        "WIKI:EN:Samira",
        "WIKI:EN:Joana",
        "WIKI:EN:Lenta.ru"
    ],
    "105929149": [
        "WIKI:EN:Rafinha_Bastos",
        "WIKI:EN:Marco_Luque",
        "WIKI:EN:Sabrina_Sato"
    ],
    "1059669246": [
        "WIKI:EN:Ellie_Krieger",
        "WIKI:EN:Katya_Zamolodchikova",
        "WIKI:EN:Robin_Hobb"
    ],
    "106004012": [
        "WIKI:EN:Rosa_Brooks",
        "WIKI:EN:Ximena_Navarrete",
        "WIKI:EN:Clive_Davis"
    ],
    "1060503840": [
        "WIKI:EN:Zak_Bagans",
        "WIKI:EN:Giorgio_A._Tsoukalos",
        "WIKI:EN:Jonah_Hill"
    ],
    "1060578600": [
        "WIKI:EN:Ford_Kiernan",
        "WIKI:EN:Simon_Cowell",
        "WIKI:EN:Niall_Horan"
    ],
    "106065829": [
        "WIKI:EN:Mark_W._Bennett",
        "WIKI:EN:Ahmet_Kural",
        "WIKI:EN:Joseph_Gordon-Levitt"
    ],
    "106067609": [
        "WIKI:EN:Naoko_Yamazaki",
        "WIKI:EN:Scott_Weinger",
        "WIKI:EN:Lady_Gaga"
    ],
    "106087152": [
        "WIKI:EN:Gary_Hoover",
        "WIKI:EN:Curtis_Young",
        "WIKI:EN:Britney_Spears"
    ],
    "10610262": [
        "WIKI:EN:Mother_Earth_News",
        "WIKI:EN:Kyle_Van_Noy",
        "WIKI:EN:Fantasy_Flight_Games"
    ],
    "1061097006": [
        "WIKI:EN:Pascal_Wehrlein",
        "WIKI:EN:Ravi_Agrawal",
        "WIKI:EN:Phil_Lester"
    ],
    "106110069": [
        "WIKI:EN:Dilma_Rousseff",
        "WIKI:EN:Darren_Swimmer",
        "WIKI:EN:Kasper_Schmeichel"
    ],
    "1061120815": [
        "WIKI:EN:Zack_Snyder",
        "WIKI:EN:Logan_Leistikow",
        "WIKI:EN:Dennis_James"
    ],
    "106119275": [
        "WIKI:EN:Pablo_Iglesias",
        "WIKI:EN:Manhattan_Connection",
        "WIKI:EN:Tiff_Needell"
    ],
    "106136665": [
        "WIKI:EN:David_Flatman",
        "WIKI:EN:9GAG",
        "WIKI:EN:Monica_Lewinsky"
    ],
    "1061542225": [
        "WIKI:EN:Harry_McGee",
        "WIKI:EN:Niall_Horan",
        "WIKI:EN:Liam"
    ],
    "106162987": [
        "WIKI:EN:Ekpe_Udoh",
        "WIKI:EN:Channing_Tatum",
        "WIKI:EN:Norman_Whiteside"
    ]
}