{
    "100004041": [
        "WIKI:EN:Oscar_Filho",
        "WIKI:EN:Rafinha_Bastos",
        "WIKI:EN:Tom_Danielson"
    ],
    "100008460": [
        "WIKI:EN:Fall_Out_Boy",
        "WIKI:EN:Laura_Berg",
        "WIKI:EN:Josh_Earl"
    ],
    "100031697": [
        "WIKI:EN:David_Gandy",
        "WIKI:EN:Rahul_Raj",
        "WIKI:EN:Ian_Somerhalder"
    ],
    "1000465040": [
        "WIKI:EN:Manohar_Lal",
        "WIKI:EN:Tommy_Tiernan",
        "WIKI:EN:Niall_Horan"
    ],
    "1000466221": [
        "WIKI:EN:Logan_Lerman",
        "WIKI:EN:Zendaya",
        "WIKI:EN:H&M"
    ],
    "1000497458": [
        "WIKI:EN:Ted_Goff",
        "WIKI:EN:Andy_Straka",
        "WIKI:EN:Fantasy_author"
    ],
    "1000818570": [
        "WIKI:EN:Nathan_Ballard",
        "WIKI:EN:Campbell_Brown",
        "WIKI:EN:Hugh_Laurie"
    ],
    "1000874750": [
        "WIKI:EN:Pablo_Carrillo",
        "WIKI:EN:Andy_Vernon",
        "WIKI:EN:David_Faitelson"
    ],
    "100101137": [
        "WIKI:EN:Jason_Strauss",
        "WIKI:EN:Drapht",
        "WIKI:EN:Allison_Melnick"
    ],
    "100123499": [
        "WIKI:EN:InStyle",
        "WIKI:EN:Kim_Feenstra",
        "WIKI:EN:Ed_Morrissey"
    ],
    "100126414": [
        "WIKI:EN:Lil_Duval",
        "WIKI:EN:Jackie_Kashian",
        "WIKI:EN:Martin_Garrix"
    ],
    "100127782": [
        "WIKI:EN:Bengie_Molina",
        "WIKI:EN:Carlitos",
        "WIKI:EN:Ariana_Grande"
    ],
    "1001865625": [
        "WIKI:EN:Keith_Jenkins",
        "WIKI:EN:Sky_Sports",
        "WIKI:EN:ESPN"
    ],
    "1002338478": [
        "WIKI:EN:Jenni_Rivera",
        "WIKI:EN:Lexi_Thompson",
        "WIKI:EN:Paulina_Goto"
    ],
    "1002370621": [
        "WIKI:EN:Katharine_Hayhoe",
        "WIKI:EN:Juanes",
        "WIKI:EN:Paulina_Rubio"
    ],
    "1002479173": [
        "WIKI:EN:Jeremy_Keith",
        "WIKI:EN:John_Gruber",
        "WIKI:EN:Judy_Murray"
    ],
    "1002734161": [
        "WIKI:EN:Real_Madrid_C.F.",
        "WIKI:EN:Liam",
        "WIKI:EN:Natalia_Pogonina"
    ],
    "100303502": [
        "WIKI:EN:Glenn_Howerton",
        "WIKI:EN:Sex&Drugs&Rock&Roll",
        "WIKI:EN:National_Hockey_League"
    ],
    "1003094628": [
        "WIKI:EN:Nuria_Piera",
        "WIKI:EN:Mark_Gilroy",
        "WIKI:EN:Justin_Bieber"
    ],
    "100311153": [
        "WIKI:EN:New_Straits_Times",
        "WIKI:EN:JJ_Lin",
        "WIKI:EN:Ernie_Halter"
    ],
    "1003160634": [
        "WIKI:EN:Daryl_Sabara",
        "WIKI:EN:Alun_Wyn_Jones",
        "WIKI:EN:Infoman"
    ],
    "100329389": [
        "WIKI:EN:James_Hibberd",
        "WIKI:EN:Michelle_Rodriguez",
        "WIKI:EN:Julieta_Venegas"
    ],
    "100336426": [
        "WIKI:EN:Jordi_Cruz",
        "WIKI:EN:Ashton_Kutcher",
        "WIKI:EN:50_Cent"
    ],
    "100341806": [
        "WIKI:EN:Rafinha_Bastos",
        "WIKI:EN:Louise_Burfitt-Dons",
        "WIKI:EN:Kiko_Loureiro"
    ],
    "100348420": [
        "WIKI:EN:Ultra_Music",
        "WIKI:EN:Missy_Franklin",
        "WIKI:EN:Pedro_Ferriz_de_Con"
    ],
    "100353062": [
        "WIKI:EN:El_Mercurio",
        "WIKI:EN:BBC_Mundo",
        "WIKI:EN:Genelec"
    ],
    "100367661": [
        "WIKI:EN:Harun_Tekin",
        "WIKI:EN:Levent_Kazak",
        "WIKI:EN:Magdalena_Frackowiak"
    ],
    "100382381": [
        "WIKI:EN:Ilwad_Elman",
        "WIKI:EN:Pedro_Ferriz_de_Con",
        "WIKI:EN:Consuelo_Duval"
    ],
    "1003950506": [
        "WIKI:EN:Jeff_Norton",
        "WIKI:EN:Alexander_Stubb",
        "WIKI:EN:Alf_Rehn"
    ],
    "1004113171": [
        "WIKI:EN:Sergei_Bobrovsky",
        "WIKI:EN:Layzie_Bone",
        "WIKI:EN:Mick_LaSalle"
    ],
    "10043572": [
        "WIKI:EN:Matt_Maiocco",
        "WIKI:EN:United_Airlines",
        "WIKI:EN:Chris_Cillizza"
    ],
    "1004487295": [
        "WIKI:EN:Nicky_Romero",
        "WIKI:EN:Monica_Raymund",
        "WIKI:EN:Idris_Elba"
    ],
    "1004682006": [
        "WIKI:EN:Carla",
        "WIKI:EN:ERICA",
        "WIKI:EN:Jaque"
    ],
    "1004743650": [
        "WIKI:EN:Karina_Carvalho",
        "WIKI:EN:Guy_Verhofstadt",
        "WIKI:EN:One_Direction"
    ],
    "1004986386": [
        "WIKI:EN:Breanna_Stewart",
        "WIKI:EN:Kevin_Durant",
        "WIKI:EN:Colin_Cowherd"
    ],
    "100499327": [
        "WIKI:EN:Yen_Press",
        "WIKI:EN:Scott_Forstall",
        "WIKI:EN:Nigel_Robertson"
    ],
    "100503113": [
        "WIKI:EN:Newstalk",
        "WIKI:EN:Simon_Coveney",
        "WIKI:EN:Toledo_Mud_Hens"
    ],
    "100536197": [
        "WIKI:EN:Muy_Interesante",
        "WIKI:EN:David_Faitelson",
        "WIKI:EN:Raj_Patel"
    ],
    "100539960": [
        "WIKI:EN:Eduardo_Spohr",
        "WIKI:EN:Banksy",
        "WIKI:EN:Emma_Watson"
    ],
    "100552039": [
        "WIKI:EN:Guido_Henkel",
        "WIKI:EN:Conan_O'Brien",
        "WIKI:EN:John_C._Dvorak"
    ],
    "1005782072": [
        "WIKI:EN:Penguin_Random_House",
        "WIKI:EN:HarperCollins",
        "WIKI:EN:Writer's_Digest"
    ],
    "1005794179": [
        "WIKI:EN:Shakey_Graves",
        "WIKI:EN:Eroc",
        "WIKI:EN:Britney_Spears"
    ],
    "100581547": [
        "WIKI:EN:Ian_Somerhalder",
        "WIKI:EN:Geoff_Lloyd",
        "WIKI:EN:Jared_Leto"
    ],
    "1005890864": [
        "WIKI:EN:Carlos_Loret_de_Mola",
        "WIKI:EN:Erik_Rubin",
        "WIKI:EN:Aleks_Syntek"
    ],
    "100602922": [
        "WIKI:EN:Selena_Gomez",
        "WIKI:EN:Entertainment_Earth",
        "WIKI:EN:Farruko"
    ],
    "100605023": [
        "WIKI:EN:Atul_Butte",
        "WIKI:EN:Paul_Porter",
        "WIKI:EN:SoundExchange"
    ],
    "100610581": [
        "WIKI:EN:Justin_Bieber",
        "WIKI:EN:Scooter_Braun",
        "WIKI:EN:David_Grosso"
    ],
    "100618369": [
        "WIKI:EN:E3",
        "WIKI:EN:Cut_Memey",
        "WIKI:EN:Sam_Champion"
    ],
    "1006380030": [
        "WIKI:EN:Nic",
        "WIKI:EN:Nini",
        "WIKI:EN:Marlies_Dekkers"
    ],
    "100643423": [
        "WIKI:EN:Pablo_Sciuto",
        "WIKI:EN:InciWeb",
        "WIKI:EN:Zebra_Katz"
    ],
    "1006489586": [
        "WIKI:EN:Katya_Zamolodchikova",
        "WIKI:EN:Alyson_Court",
        "WIKI:EN:Nabilla_Benattia"
    ],
    "100649594": [
        "WIKI:EN:Aaron_Paul",
        "WIKI:EN:Bryan_Cranston",
        "WIKI:EN:Frank_Quattrone"
    ],
    "1006497258": [
        "WIKI:EN:Ceza",
        "WIKI:EN:Jen_Selter",
        "WIKI:EN:LeBron_James"
    ],
    "1006745869": [
        "WIKI:EN:Gino_D'Acampo",
        "WIKI:EN:Shane_Filan",
        "WIKI:EN:Daryl_Reaugh"
    ],
    "1006972200": [
        "WIKI:EN:Taylor_Swift",
        "WIKI:EN:Divino",
        "WIKI:EN:Matthew_Keys"
    ],
    "1007067950": [
        "WIKI:EN:Jim_Beaver",
        "WIKI:EN:Misha_Collins",
        "WIKI:EN:Jaclyn_Victor"
    ],
    "100710793": [
        "WIKI:EN:DE_magazine_Deutschland",
        "WIKI:EN:Mashable",
        "WIKI:EN:Ben_Sherman"
    ],
    "100746762": [
        "WIKI:EN:David_Lynch",
        "WIKI:EN:IMDb",
        "WIKI:EN:TradingView"
    ],
    "1007586636": [
        "WIKI:EN:Evanna_Lynch",
        "WIKI:EN:Princess_Cruises",
        "WIKI:EN:Megalyn_Echikunwoke"
    ],
    "1007809453": [
        "WIKI:EN:Bengie_Molina",
        "WIKI:EN:Niall_Horan",
        "WIKI:EN:Miley_Cyrus"
    ],
    "100782381": [
        "WIKI:EN:Penguin_Random_House",
        "WIKI:EN:San_Diego_Padres",
        "WIKI:EN:Goodreads"
    ],
    "1008035437": [
        "WIKI:EN:Michael_Cudlitz",
        "WIKI:EN:Christianity_Today",
        "WIKI:EN:LeBron_James"
    ],
    "1008247771": [
        "WIKI:EN:Justin_Bieber",
        "WIKI:EN:Craig_Fisher",
        "WIKI:EN:Ralph_Bakshi"
    ],
    "100825335": [
        "WIKI:EN:Alex_Lynn",
        "WIKI:EN:Sean_Foreman",
        "WIKI:EN:Hamilton_Morris"
    ],
    "100853343": [
        "WIKI:EN:Radioacktiva",
        "WIKI:EN:Shorty_Awards",
        "WIKI:EN:Stevie_Brown"
    ],
    "100861785": [
        "WIKI:EN:Jimmy_Palmiotti",
        "WIKI:EN:Switchfoot",
        "WIKI:EN:Sydney_Festival"
    ],
    "100888938": [
        "WIKI:EN:Arturo_Rivera",
        "WIKI:EN:Esteban_Arce",
        "WIKI:EN:Courtney_Upshaw"
    ],
    "1009020169": [
        "WIKI:EN:John_Smit",
        "WIKI:EN:Ryan_Reyes",
        "WIKI:EN:Boris_Becker"
    ],
    "1009327393": [
        "WIKI:EN:Josh_Kelley",
        "WIKI:EN:Kevin_Spacey",
        "WIKI:EN:Barack_Obama"
    ],
    "100956659": [
        "WIKI:EN:Lee_Unkrich",
        "WIKI:EN:Math_for_America",
        "WIKI:EN:Pink_(singer)"
    ],
    "1009630860": [
        "WIKI:EN:Ruth_Silver",
        "WIKI:EN:Rocco_Siffredi",
        "WIKI:EN:Josh_Martinez"
    ],
    "1010171508": [
        "WIKI:EN:Scott_Krinsky",
        "WIKI:EN:Rutledge_Wood",
        "WIKI:EN:Liam"
    ],
    "1010330760": [
        "WIKI:EN:Selena_Gomez",
        "WIKI:EN:Nina_Dobrev",
        "WIKI:EN:Daniel_Marsh"
    ],
    "101036488": [
        "WIKI:EN:Terry_Virgo",
        "WIKI:EN:Lauren_Conrad",
        "WIKI:EN:Marc_Riley"
    ],
    "101067510": [
        "WIKI:EN:Michelle_McManus",
        "WIKI:EN:Canal_13_(Chile)",
        "WIKI:EN:Monarcas_Morelia"
    ],
    "101075232": [
        "WIKI:EN:David_Farrier",
        "WIKI:EN:Alejandro_Jodorowsky",
        "WIKI:EN:Chilango"
    ],
    "101077773": [
        "WIKI:EN:Bill_Simmons",
        "WIKI:EN:Ted_Alexandro",
        "WIKI:EN:Chuck_Klosterman"
    ],
    "101099207": [
        "WIKI:EN:Dianna_Agron",
        "WIKI:EN:Yasmin",
        "WIKI:EN:Henry_Winter"
    ],
    "10113082": [
        "WIKI:EN:Jon_F._Merz",
        "WIKI:EN:Biz_Stone",
        "WIKI:EN:Arnold_Kim"
    ],
    "101137918": [
        "WIKI:EN:City_Pages",
        "WIKI:EN:Owen_King",
        "WIKI:EN:Google"
    ],
    "101140731": [
        "WIKI:EN:Vladdo",
        "WIKI:EN:The_Last_Shadow_Puppets",
        "WIKI:EN:Noticias_Uno"
    ],
    "101153119": [
        "WIKI:EN:YouTube",
        "WIKI:EN:Vladdo",
        "WIKI:EN:Jaime_Bayly"
    ],
    "101169594": [
        "WIKI:EN:Jesse_Giddings",
        "WIKI:EN:Mike_Rich",
        "WIKI:EN:Francisca_Valenzuela"
    ],
    "1011863071": [
        "WIKI:EN:David_Sze",
        "WIKI:EN:Sara_Crowe",
        "WIKI:EN:Laura_Bradford"
    ],
    "1012011308": [
        "WIKI:EN:Santiago_Segura",
        "WIKI:EN:Kim_Jong-un",
        "WIKI:EN:Phil_Hendrie"
    ],
    "101201281": [
        "WIKI:EN:Gail_Simone",
        "WIKI:EN:D'Masiv",
        "WIKI:EN:Jamie_Lynn_Spears"
    ],
    "101210203": [
        "WIKI:EN:Melissa_Thomas",
        "WIKI:EN:Aura_Cristina_Geithner",
        "WIKI:EN:Amr_Diab"
    ],
    "1012241618": [
        "WIKI:EN:Brad_Feld",
        "WIKI:EN:KaDee_Strickland",
        "WIKI:EN:Michael_O'Hare"
    ],
    "1012258477": [
        "WIKI:EN:Chris_Dave",
        "WIKI:EN:Naomi_Watts",
        "WIKI:EN:Mamas_&_Papas"
    ],
    "101243114": [
        "WIKI:EN:Podol",
        "WIKI:EN:Premier_League",
        "WIKI:EN:Duilio_Davino"
    ],
    "101244568": [
        "WIKI:EN:Daniel_Viotto",
        "WIKI:EN:Juanes",
        "WIKI:EN:Leones_del_Caracas"
    ],
    "1012511618": [
        "WIKI:EN:Marcelo_Tinelli",
        "WIKI:EN:Barbara_Crampton",
        "WIKI:EN:Adrien_Silva"
    ],
    "1013165376": [
        "WIKI:EN:LeBron_James",
        "WIKI:EN:Kevin_Durant",
        "WIKI:EN:Ross_Robinson"
    ],
    "101345146": [
        "WIKI:EN:Adam_Schefter",
        "WIKI:EN:Peter_DeLuise",
        "WIKI:EN:Debra_Webb"
    ],
    "101348175": [
        "WIKI:EN:Mundo_Deportivo",
        "WIKI:EN:FC_Barcelona",
        "WIKI:EN:Casey_Abrams"
    ],
    "1013618389": [
        "WIKI:EN:Couleur_3",
        "WIKI:EN:Dani_Rovira",
        "WIKI:EN:Henry_Blodget"
    ],
    "101390694": [
        "WIKI:EN:Ashton_Kutcher",
        "WIKI:EN:Mono/Poly",
        "WIKI:EN:Paramore"
    ],
    "101402200": [
        "WIKI:EN:Conan_O'Brien",
        "WIKI:EN:Irwansyah",
        "WIKI:EN:Hank_Green"
    ],
    "101408415": [
        "WIKI:EN:Alejandro_Jodorowsky",
        "WIKI:EN:Adam_Sandler",
        "WIKI:EN:Love_of_Lesbian"
    ],
    "101435183": [
        "WIKI:EN:Paola_Rojas",
        "WIKI:EN:Carlos_Loret_de_Mola",
        "WIKI:EN:Javier_Corral_Jurado"
    ],
    "101455578": [
        "WIKI:EN:Chelsie_Hightower",
        "WIKI:EN:Geocaching",
        "WIKI:EN:GoPro"
    ],
    "101532373": [
        "WIKI:EN:Francesco_Facchinetti",
        "WIKI:EN:Vanessa_Mesquita",
        "WIKI:EN:Michelin_Guide"
    ],
    "1015529426": [
        "WIKI:EN:Alessandro_Del_Piero",
        "WIKI:EN:Giorgio_Chiellini",
        "WIKI:EN:Jennie_McAlpine"
    ],
    "101564059": [
        "WIKI:EN:Adela_Micha",
        "WIKI:EN:Paola_Rojas",
        "WIKI:EN:Mats_Zuccarello"
    ],
    "101570656": [
        "WIKI:EN:Linda_Ramone",
        "WIKI:EN:Anne_Lamott",
        "WIKI:EN:Colleen_Hoover"
    ],
    "1015789555": [
        "WIKI:EN:Khalid_Abdalla",
        "WIKI:EN:FC_Barcelona",
        "WIKI:EN:Esporte_Interativo"
    ],
    "101606404": [
        "WIKI:EN:Gerry_Scotti",
        "WIKI:EN:Rebecca_Haarlow",
        "WIKI:EN:Sheryl_WuDunn"
    ],
    "1016125681": [
        "WIKI:EN:Juliette_Binoche",
        "WIKI:EN:Joshua_Allen",
        "WIKI:EN:Megadeth"
    ],
    "1016147888": [
        "WIKI:EN:Harper's_Bazaar",
        "WIKI:EN:Damien_Rice",
        "WIKI:EN:Telva"
    ],
    "101678096": [
        "WIKI:EN:Laurence_Golborne",
        "WIKI:EN:Ricardo_Lagos_Weber",
        "WIKI:EN:Residente"
    ],
    "101684764": [
        "WIKI:EN:Maxene_Magalona",
        "WIKI:EN:Julian_Assange",
        "WIKI:EN:Ryan_Seacrest"
    ],
    "101687807": [
        "WIKI:EN:Phil_Liggett",
        "WIKI:EN:Russell_Crowe",
        "WIKI:EN:Memoria_Chilena"
    ],
    "101692360": [
        "WIKI:EN:Polo_Polo",
        "WIKI:EN:Shakira",
        "WIKI:EN:Lady_Gaga"
    ],
    "101721345": [
        "WIKI:EN:Melissa_Gonzalez",
        "WIKI:EN:Anthony_Rizzo",
        "WIKI:EN:Lenny_Kravitz"
    ],
    "1017330493": [
        "WIKI:EN:Tom_Schaar",
        "WIKI:EN:Kyan_Khojandi",
        "WIKI:EN:Hope_for_Paws"
    ],
    "1017561212": [
        "WIKI:EN:Andy_Diggle",
        "WIKI:EN:Toby_Gad",
        "WIKI:EN:Dani_Mateo"
    ],
    "1017668882": [
        "WIKI:EN:Chris_Fleming",
        "WIKI:EN:Taylor_Momsen",
        "WIKI:EN:Ed_Sheeran"
    ],
    "1017794486": [
        "WIKI:EN:Tele13",
        "WIKI:EN:BBC_Mundo",
        "WIKI:EN:Karl_Pilkington"
    ],
    "101801111": [
        "WIKI:EN:Yeltsin_Tejeda",
        "WIKI:EN:Joel_Campbell",
        "WIKI:EN:George_Salazar"
    ],
    "101801943": [
        "WIKI:EN:Alessia",
        "WIKI:EN:Ed_Kashi",
        "WIKI:EN:Cassandra_Clare"
    ],
    "1018042374": [
        "WIKI:EN:Until_We_Get_Caught",
        "WIKI:EN:Rodrigo_Mora",
        "WIKI:EN:Even_If_It_Kills_Me"
    ],
    "1018314182": [
        "WIKI:EN:Sarah_Newton",
        "WIKI:EN:Jim_Lanzone",
        "WIKI:EN:Emmett_J._Scanlan"
    ],
    "1018338006": [
        "WIKI:EN:Larry_Fong",
        "WIKI:EN:Alexandre_Lacazette",
        "WIKI:EN:Jamel_Debbouze"
    ],
    "101865955": [
        "WIKI:EN:Stephen_Silver",
        "WIKI:EN:Stig_Abell",
        "WIKI:EN:Daniel_Agger"
    ],
    "101866367": [
        "WIKI:EN:Edwyn_Collins",
        "WIKI:EN:STV_News",
        "WIKI:EN:Stephen_Fry"
    ],
    "1018670268": [
        "WIKI:EN:Andrew_Dalton",
        "WIKI:EN:Michelle_Obama",
        "WIKI:EN:Matthew_Barnes-Homer"
    ],
    "1018765028": [
        "WIKI:EN:Augusten_Burroughs",
        "WIKI:EN:The_New_Yorker",
        "WIKI:EN:Shaun_Cooper"
    ],
    "101878450": [
        "WIKI:EN:Angela_Douglas",
        "WIKI:EN:Kat_Von_D",
        "WIKI:EN:Ewan_McGregor"
    ],
    "101881961": [
        "WIKI:EN:Eric_Dean_Seaton",
        "WIKI:EN:Commerce_minister",
        "WIKI:EN:LZ_Granderson"
    ],
    "101894464": [
        "WIKI:EN:Khaled_El_Nabawy",
        "WIKI:EN:Veronica_Webb",
        "WIKI:EN:Booba"
    ],
    "1019070283": [
        "WIKI:EN:El_Universo",
        "WIKI:EN:AJ+",
        "WIKI:EN:Karla_Crome"
    ],
    "101910254": [
        "WIKI:EN:Nayef",
        "WIKI:EN:Julia_Morris",
        "WIKI:EN:Aleksandr_Gorin"
    ],
    "101923507": [
        "WIKI:EN:Eugenio_Derbez",
        "WIKI:EN:Tom_Warren",
        "WIKI:EN:Ely_Guerra"
    ],
    "101934224": [
        "WIKI:EN:Javier_Alatorre",
        "WIKI:EN:Carlos_Baute",
        "WIKI:EN:Kent_Messenger"
    ],
    "101935414": [
        "WIKI:EN:Gilles_Peterson",
        "WIKI:EN:Peter_Barakan",
        "WIKI:EN:Shinichi_Osawa"
    ],
    "101938507": [
        "WIKI:EN:Taste_of_Home",
        "WIKI:EN:Politico",
        "WIKI:EN:VerticalResponse"
    ],
    "101948722": [
        "WIKI:EN:Jake_Wood",
        "WIKI:EN:Perttu_Kivilaakso",
        "WIKI:EN:Tarja_Turunen"
    ],
    "101972486": [
        "WIKI:EN:Sara_Maldonado",
        "WIKI:EN:David_Carreira",
        "WIKI:EN:Chilango"
    ],
    "1019910242": [
        "WIKI:EN:Don_Nichols",
        "WIKI:EN:Will_Ferrell",
        "WIKI:EN:Anna_Holmes"
    ],
    "1020119850": [
        "WIKI:EN:Nik_Stauskas",
        "WIKI:EN:Wayne_Kerr",
        "WIKI:EN:Alberto_Contador"
    ],
    "102035654": [
        "WIKI:EN:Kim_Feenstra",
        "WIKI:EN:Gerard_Joling",
        "WIKI:EN:Tupele_Dorgu"
    ],
    "10203812": [
        "WIKI:EN:Carlos_Mena",
        "WIKI:EN:Candide_Thovex",
        "WIKI:EN:Wayne_Sutton"
    ],
    "1020415165": [
        "WIKI:EN:Ravel_Morrison",
        "WIKI:EN:Kendrick_Lamar",
        "WIKI:EN:Mark_Kirk"
    ],
    "1020434226": [
        "WIKI:EN:Robert_Woodard",
        "WIKI:EN:Demi_Lovato",
        "WIKI:EN:Twitter"
    ],
    "1020553891": [
        "WIKI:EN:Alicia_Keys",
        "WIKI:EN:Wiz_Khalifa",
        "WIKI:EN:Golden_Discs"
    ],
    "1020650042": [
        "WIKI:EN:Richard_Keys",
        "WIKI:EN:Human_Rights_Campaign",
        "WIKI:EN:Mark_Colvin"
    ],
    "102091751": [
        "WIKI:EN:Trevor_Immelman",
        "WIKI:EN:Dylan_Evans",
        "WIKI:EN:Last.fm"
    ],
    "102091856": [
        "WIKI:EN:Matteo_Renzi",
        "WIKI:EN:La_Repubblica",
        "WIKI:EN:Ben_Hoffman"
    ],
    "102104895": [
        "WIKI:EN:Ivi_Adamou",
        "WIKI:EN:Miyavi",
        "WIKI:EN:Tim_Lincecum"
    ],
    "102116728": [
        "WIKI:EN:Polo_Polo",
        "WIKI:EN:Olallo_Rubio",
        "WIKI:EN:Esteban_Arce"
    ],
    "102126264": [
        "WIKI:EN:Microsoft_Studios",
        "WIKI:EN:Native_Instruments",
        "WIKI:EN:Julia_Gillard"
    ],
    "1021270255": [
        "WIKI:EN:Mira_Lesmana",
        "WIKI:EN:DetikCom",
        "WIKI:EN:Katharine_Hayhoe"
    ],
    "102131599": [
        "WIKI:EN:Rob_Pike",
        "WIKI:EN:Dany_Saadia",
        "WIKI:EN:Marcelo_Claure"
    ],
    "102144889": [
        "WIKI:EN:Tim_Masthay",
        "WIKI:EN:Jason_Bent",
        "WIKI:EN:Travis_Barker"
    ],
    "102155500": [
        "WIKI:EN:Raven_Software",
        "WIKI:EN:Javier_Alatorre",
        "WIKI:EN:Aleks_Syntek"
    ],
    "1021610683": [
        "WIKI:EN:Fabio_Volo",
        "WIKI:EN:Melissa_Satta",
        "WIKI:EN:Yvette_Fielding"
    ],
    "102166227": [
        "WIKI:EN:Larissa_Ione",
        "WIKI:EN:Rachel_Vincent",
        "WIKI:EN:Esther_Armah"
    ],
    "1021691316": [
        "WIKI:EN:Larry_Fong",
        "WIKI:EN:Rove_McManus",
        "WIKI:EN:Republic_Records"
    ],
    "1021985196": [
        "WIKI:EN:Santiago_Segura",
        "WIKI:EN:Dani_Rovira",
        "WIKI:EN:Gyasi_Zardes"
    ],
    "102212820": [
        "WIKI:EN:Stephen_Michael",
        "WIKI:EN:Carmen_Aristegui",
        "WIKI:EN:Landon_Donovan"
    ],
    "102214545": [
        "WIKI:EN:Jeff_Pearlman",
        "WIKI:EN:Maidenform",
        "WIKI:EN:Casey_Donahew"
    ],
    "1022204426": [
        "WIKI:EN:Ashley_Benson",
        "WIKI:EN:Osi_Umenyiora",
        "WIKI:EN:Shay_Mitchell"
    ],
    "102228227": [
        "WIKI:EN:Katie_Fforde",
        "WIKI:EN:The_Roots",
        "WIKI:EN:The_Pharcyde"
    ],
    "102238504": [
        "WIKI:EN:Carlos_Loret_de_Mola",
        "WIKI:EN:Adela_Micha",
        "WIKI:EN:Esteban_Arce"
    ],
    "1022448679": [
        "WIKI:EN:League_of_Legends",
        "WIKI:EN:Terri_Runnels",
        "WIKI:EN:SoundCloud"
    ],
    "1022457601": [
        "WIKI:EN:Justus_Sheffield",
        "WIKI:EN:Marco_Borsato",
        "WIKI:EN:Miley_Cyrus"
    ],
    "1022546299": [
        "WIKI:EN:Dana_Gonzales",
        "WIKI:EN:Team_Secret",
        "WIKI:EN:Adamson_University"
    ],
    "1022621294": [
        "WIKI:EN:Eduardo_Spohr",
        "WIKI:EN:The_Wall_Street_Journal",
        "WIKI:EN:Rachel_Shabi"
    ],
    "1022867144": [
        "WIKI:EN:Mike_Newkirk",
        "WIKI:EN:Kiko_Loureiro",
        "WIKI:EN:Coolhaus"
    ],
    "1023010538": [
        "WIKI:EN:Carla",
        "WIKI:EN:Ece",
        "WIKI:EN:Ray_Wise"
    ],
    "10235502": [
        "WIKI:EN:Nicole_Lyn",
        "WIKI:EN:Jenna_Wortham",
        "WIKI:EN:C-SPAN"
    ],
    "102380221": [
        "WIKI:EN:John_Dahl",
        "WIKI:EN:Soleil_Moon_Frye",
        "WIKI:EN:Cory_Booker"
    ],
    "1024239650": [
        "WIKI:EN:Deepak_Chopra",
        "WIKI:EN:The_Beatles",
        "WIKI:EN:Dalai_Lama"
    ],
    "102449580": [
        "WIKI:EN:Eugenio_Derbez",
        "WIKI:EN:Wolf_Blitzer",
        "WIKI:EN:Mike_Krieger"
    ],
    "102463822": [
        "WIKI:EN:Eliza_Dushku",
        "WIKI:EN:Neil_Patrick_Harris",
        "WIKI:EN:Trevor_Philips"
    ],
    "1024729050": [
        "WIKI:EN:Ahmet_Kural",
        "WIKI:EN:NTV_Spor",
        "WIKI:EN:Pontifical_Catholic_University_of_Peru"
    ],
    "102481859": [
        "WIKI:EN:Shakira",
        "WIKI:EN:Colm_Cooper",
        "WIKI:EN:TV_Guide"
    ],
    "102484946": [
        "WIKI:EN:Bonnie_Somerville",
        "WIKI:EN:Real_Madrid_C.F.",
        "WIKI:EN:Real_Madrid_C.F."
    ],
    "1024944397": [
        "WIKI:EN:Gavin_Hewitt",
        "WIKI:EN:Steven_Gerrard",
        "WIKI:EN:Cheech_&_Chong"
    ],
    "1024965140": [
        "WIKI:EN:Adal_Ramones",
        "WIKI:EN:Silvia_Olmedo",
        "WIKI:EN:Carla_Morrison"
    ],
    "1024988730": [
        "WIKI:EN:Nicki",
        "WIKI:EN:Scott_Watson",
        "WIKI:EN:Europa-Park"
    ],
    "1025117072": [
        "WIKI:EN:Cyanide_&_Happiness",
        "WIKI:EN:Bill_Nye",
        "WIKI:EN:Tessa_Kennedy"
    ],
    "102512579": [
        "WIKI:EN:Brad_Fitzpatrick",
        "WIKI:EN:Jake_Shears",
        "WIKI:EN:Dannii_Minogue"
    ],
    "102516970": [
        "WIKI:EN:Simone_Simons",
        "WIKI:EN:Within_Temptation",
        "WIKI:EN:Marcus_Trescothick"
    ],
    "102520211": [
        "WIKI:EN:Dash_Berlin",
        "WIKI:EN:Anthony_Morrow",
        "WIKI:EN:NASA"
    ],
    "1025469163": [
        "WIKI:EN:Chris_Hecker",
        "WIKI:EN:Rolling_Stone",
        "WIKI:EN:YouTube"
    ],
    "1025650062": [
        "WIKI:EN:Richard_Edelman",
        "WIKI:EN:Paul_Martin",
        "WIKI:EN:Vinay_Rai"
    ],
    "1025655775": [
        "WIKI:EN:Liz_Lieu",
        "WIKI:EN:Jai_Paul",
        "WIKI:EN:The_Chive"
    ],
    "1025657472": [
        "WIKI:EN:Holly_Marie_Combs",
        "WIKI:EN:Metallica",
        "WIKI:EN:Gwen_Stefani"
    ],
    "102574866": [
        "WIKI:EN:YouTube",
        "WIKI:EN:Britney_Spears",
        "WIKI:EN:Lauren_Conrad"
    ],
    "10258252": [
        "WIKI:EN:Rea_Garvey",
        "WIKI:EN:Maud_Newton",
        "WIKI:EN:Patrick_Stump"
    ],
    "102619395": [
        "WIKI:EN:Oliver_Thornton",
        "WIKI:EN:Chilango",
        "WIKI:EN:Carly_Booth"
    ],
    "1026298681": [
        "WIKI:EN:Maisie_Williams",
        "WIKI:EN:Coldplay",
        "WIKI:EN:KCEE"
    ],
    "1026861175": [
        "WIKI:EN:Isabel",
        "WIKI:EN:GIO",
        "WIKI:EN:Steven_Lee_Olsen"
    ],
    "102692926": [
        "WIKI:EN:David_Shrigley",
        "WIKI:EN:Hakan_Celik",
        "WIKI:EN:SoundCloud"
    ],
    "1027337827": [
        "WIKI:EN:Alf_Rehn",
        "WIKI:EN:Saint_Asonia",
        "WIKI:EN:Did_You_Know_Gaming?"
    ],
    "102754039": [
        "WIKI:EN:Mike_Mullin",
        "WIKI:EN:Alfonso_de_Anda",
        "WIKI:EN:Mick_Wallace"
    ],
    "10276932": [
        "WIKI:EN:Jason_Kottke",
        "WIKI:EN:Sol_Republic",
        "WIKI:EN:Donnie_Klang"
    ],
    "1027719169": [
        "WIKI:EN:One_Direction",
        "WIKI:EN:Laurent_Ruquier",
        "WIKI:EN:Jacqueline_Gold"
    ],
    "102782932": [
        "WIKI:EN:Murat_Cemcir",
        "WIKI:EN:Instagram",
        "WIKI:EN:Ahmet_Kural"
    ],
    "102790504": [
        "WIKI:EN:Bridgit_Mendler",
        "WIKI:EN:Bonnie_McKee",
        "WIKI:EN:Taberah"
    ],
    "102791034": [
        "WIKI:EN:Danielle_Nierenberg",
        "WIKI:EN:Bear_Grylls",
        "WIKI:EN:YouTube"
    ],
    "1028067528": [
        "WIKI:EN:Daren_Millard",
        "WIKI:EN:Jay_Pharoah",
        "WIKI:EN:Jamie_Foxx"
    ],
    "102827568": [
        "WIKI:EN:Nichi_Vendola",
        "WIKI:EN:Cinemex",
        "WIKI:EN:Wingo"
    ],
    "102833474": [
        "WIKI:EN:Adin",
        "WIKI:EN:Jeff_Burton",
        "WIKI:EN:Rainn_Wilson"
    ],
    "1028429347": [
        "WIKI:EN:Is-a",
        "WIKI:EN:Matheus",
        "WIKI:EN:Batatinha"
    ],
    "102845332": [
        "WIKI:EN:Kurt_Andersen",
        "WIKI:EN:Oprah_Winfrey",
        "WIKI:EN:Solange_Knowles"
    ],
    "102873385": [
        "WIKI:EN:Parker_Posey",
        "WIKI:EN:Scientific_American",
        "WIKI:EN:Science_News"
    ],
    "102888427": [
        "WIKI:EN:Thibaut_Courtois",
        "WIKI:EN:Jonah_Hill",
        "WIKI:EN:Dexter_Roberts"
    ],
    "1029020569": [
        "WIKI:EN:Masahiro_Sakurai",
        "WIKI:EN:Warner_Channel",
        "WIKI:EN:Eduardo_Galeano"
    ],
    "1029025598": [
        "WIKI:EN:Motionless_in_White",
        "WIKI:EN:Warped_Tour",
        "WIKI:EN:Shy'm"
    ],
    "10292942": [
        "WIKI:EN:Robert_Llewellyn",
        "WIKI:EN:Michael_Vaughan",
        "WIKI:EN:Tony_Palermo"
    ],
    "1029493698": [
        "WIKI:EN:Melissa_Ponzio",
        "WIKI:EN:Daniel_Andrews",
        "WIKI:EN:Christie_Blatchford"
    ],
    "1029660373": [
        "WIKI:EN:Niall_Horan",
        "WIKI:EN:Alice_Waters",
        "WIKI:EN:Kajol"
    ],
    "102984360": [
        "WIKI:EN:Rosanna_Davison",
        "WIKI:EN:Min_Reyes",
        "WIKI:EN:Brian_McFadden"
    ],
    "103002623": [
        "WIKI:EN:Morgan_Baker",
        "WIKI:EN:Arthur_Masuaku",
        "WIKI:EN:Dwayne_Johnson"
    ],
    "1030099532": [
        "WIKI:EN:James_Wan",
        "WIKI:EN:Melissa_Stark",
        "WIKI:EN:Demi_Lovato"
    ],
    "1030233325": [
        "WIKI:EN:One_Direction",
        "WIKI:EN:Christian_Ehrhoff",
        "WIKI:EN:Audra_McDonald"
    ],
    "103040155": [
        "WIKI:EN:Bruce_Burton",
        "WIKI:EN:Henry_B._Eyring",
        "WIKI:EN:Chilango"
    ],
    "1030482722": [
        "WIKI:EN:Christian_Bautista",
        "WIKI:EN:Robi_Domingo",
        "WIKI:EN:Luis_Manzano"
    ],
    "1030526876": [
        "WIKI:EN:Conrad_Black",
        "WIKI:EN:Paresh_Patel",
        "WIKI:EN:Tim_Farley"
    ],
    "1030623170": [
        "WIKI:EN:Liam",
        "WIKI:EN:Alok",
        "WIKI:EN:Reichel"
    ],
    "103086335": [
        "WIKI:EN:Eduardo_Varela",
        "WIKI:EN:NFL_Network",
        "WIKI:EN:ONEFA"
    ],
    "1030876123": [
        "WIKI:EN:Gail_Kasper",
        "WIKI:EN:Lykke_Li",
        "WIKI:EN:Infected_Mushroom"
    ],
    "103097074": [
        "WIKI:EN:Devin_the_Dude",
        "WIKI:EN:Drew_Fuller",
        "WIKI:EN:Kourtney_Kardashian"
    ],
    "103115352": [
        "WIKI:EN:Once_Mekel",
        "WIKI:EN:Teleamazonas",
        "WIKI:EN:Real_Madrid_C.F."
    ],
    "103117989": [
        "WIKI:EN:Beto_Ortiz",
        "WIKI:EN:David_Guetta",
        "WIKI:EN:Alan_Yang"
    ],
    "103130076": [
        "WIKI:EN:Bill_Ralston",
        "WIKI:EN:Santiago_Segura",
        "WIKI:EN:Roberto_Pettinato"
    ],
    "103130914": [
        "WIKI:EN:Julianna_Guill",
        "WIKI:EN:Carla_Morrison",
        "WIKI:EN:Ideal_Home"
    ],
    "1031412776": [
        "WIKI:EN:Tommy_Tee",
        "WIKI:EN:Ree_Drummond",
        "WIKI:EN:Writer's_Digest"
    ],
    "103154966": [
        "WIKI:EN:James_Curnow",
        "WIKI:EN:I_See_Stars",
        "WIKI:EN:Christopher_Tompkins"
    ],
    "1031589355": [
        "WIKI:EN:Sondre_Lerche",
        "WIKI:EN:Twitter",
        "WIKI:EN:Nando's"
    ],
    "1031647746": [
        "WIKI:EN:Stuart_Goldsmith",
        "WIKI:EN:The_Rugby_Championship",
        "WIKI:EN:Instagram"
    ],
    "103173368": [
        "WIKI:EN:Frank_Wildhorn",
        "WIKI:EN:Zach_Galifianakis",
        "WIKI:EN:Michelle_Obama"
    ],
    "1031751391": [
        "WIKI:EN:SLAM_Magazine",
        "WIKI:EN:Milan_Lucic",
        "WIKI:EN:Sway_Calloway"
    ],
    "103198494": [
        "WIKI:EN:Eriq_La_Salle",
        "WIKI:EN:Buzz_Aldrin",
        "WIKI:EN:St._Vincent_(album)"
    ],
    "1032009678": [
        "WIKI:EN:Instagram",
        "WIKI:EN:Keyshia_Cole",
        "WIKI:EN:WhatsApp"
    ],
    "103205394": [
        "WIKI:EN:Federico_Fazio",
        "WIKI:EN:Zooey_Deschanel",
        "WIKI:EN:Bakari_Sellers"
    ],
    "10321932": [
        "WIKI:EN:SJ_AB",
        "WIKI:EN:Design_Observer",
        "WIKI:EN:Matador_Network"
    ],
    "103232008": [
        "WIKI:EN:Rock_Werchter",
        "WIKI:EN:Coldplay",
        "WIKI:EN:Matt_Lauer"
    ],
    "103232022": [
        "WIKI:EN:Paulo_Coelho",
        "WIKI:EN:TV_Patrol",
        "WIKI:EN:Kate_Lawler"
    ],
    "1032409795": [
        "WIKI:EN:Bob_Sinclar",
        "WIKI:EN:Martin_Solveig",
        "WIKI:EN:Richard_Fortus"
    ],
    "103246786": [
        "WIKI:EN:ZDF",
        "WIKI:EN:Exclaim!",
        "WIKI:EN:Tokyo_Ghoul"
    ],
    "1032592020": [
        "WIKI:EN:Marco_Luque",
        "WIKI:EN:Instagram",
        "WIKI:EN:Michael_Novogratz"
    ],
    "1032661988": [
        "WIKI:EN:Liya_Kebede",
        "WIKI:EN:Freddy_Adu",
        "WIKI:EN:Daniel_Padilla"
    ],
    "103289920": [
        "WIKI:EN:Heather_Spohr",
        "WIKI:EN:Andy_Butler",
        "WIKI:EN:Le_Castle_Vania"
    ],
    "1032926671": [
        "WIKI:EN:Ahdaf_Soueif",
        "WIKI:EN:Kingdom_Hearts",
        "WIKI:EN:Carly_Rae_Jepsen"
    ],
    "1033016544": [
        "WIKI:EN:Tanya_Tate",
        "WIKI:EN:Taylor_Momsen",
        "WIKI:EN:Avril_Lavigne"
    ],
    "1033212666": [
        "WIKI:EN:Joana",
        "WIKI:EN:Greg_Hemphill",
        "WIKI:EN:CNN"
    ],
    "1033314642": [
        "WIKI:EN:Clauss",
        "WIKI:EN:Norton_Museum_of_Art",
        "WIKI:EN:Ed_Sheeran"
    ],
    "103337197": [
        "WIKI:EN:Carly_Booth",
        "WIKI:EN:Selena_Gomez",
        "WIKI:EN:Demi_Lovato"
    ],
    "103342595": [
        "WIKI:EN:La_Chat",
        "WIKI:EN:Joe_Jonas",
        "WIKI:EN:Profound_Lore_Records"
    ],
    "103358027": [
        "WIKI:EN:Justin_Chatwin",
        "WIKI:EN:Adidas_Originals",
        "WIKI:EN:Goethe-Institut"
    ],
    "1033644528": [
        "WIKI:EN:Vinnie_Politan",
        "WIKI:EN:Selena_Gomez",
        "WIKI:EN:Michael_Monroe"
    ],
    "1033729885": [
        "WIKI:EN:Megadeth",
        "WIKI:EN:David_Ellefson",
        "WIKI:EN:Metallica"
    ],
    "1034036905": [
        "WIKI:EN:Doris_Schroeder",
        "WIKI:EN:E._L._James",
        "WIKI:EN:Michael_Vaughan"
    ],
    "103405911": [
        "WIKI:EN:Marcelo_Adnet",
        "WIKI:EN:Kris_Carr",
        "WIKI:EN:Ohio_State_Buckeyes"
    ],
    "1034085013": [
        "WIKI:EN:John_Frazier",
        "WIKI:EN:Liam_Gallagher",
        "WIKI:EN:I.Sat"
    ],
    "1034161": [
        "WIKI:EN:Ethan_Kaplan",
        "WIKI:EN:TechCrunch",
        "WIKI:EN:Biz_Stone"
    ],
    "103427207": [
        "WIKI:EN:NBA_on_TNT",
        "WIKI:EN:Drew_Butera",
        "WIKI:EN:Residente"
    ],
    "103430847": [
        "WIKI:EN:Martin_Henderson",
        "WIKI:EN:Kimberly_Thompson",
        "WIKI:EN:Adele"
    ],
    "1034372562": [
        "WIKI:EN:Elzhi",
        "WIKI:EN:Luke_Rathborne",
        "WIKI:EN:Madlib"
    ],
    "103454079": [
        "WIKI:EN:Jim_Smallman",
        "WIKI:EN:Alex_Goot",
        "WIKI:EN:FIFA"
    ],
    "103461258": [
        "WIKI:EN:Ian_Waite",
        "WIKI:EN:Marcel_Hirscher",
        "WIKI:EN:Bizzy_Bone"
    ],
    "1034967680": [
        "WIKI:EN:Matt_Bennett",
        "WIKI:EN:Jasmine_Tookes",
        "WIKI:EN:Michele_Mahone"
    ],
    "1035120564": [
        "WIKI:EN:Angelica_Panganiban",
        "WIKI:EN:Xian_Lim",
        "WIKI:EN:Trae_Waynes"
    ],
    "1035244034": [
        "WIKI:EN:Gamescom",
        "WIKI:EN:Bear_Grylls",
        "WIKI:EN:Will_Mahoney"
    ],
    "1035284948": [
        "WIKI:EN:Defeater",
        "WIKI:EN:Citizen_(band)",
        "WIKI:EN:Alberto_Angela"
    ],
    "103561363": [
        "WIKI:EN:Alex_M.O.R.P.H.",
        "WIKI:EN:Marques_Brownlee",
        "WIKI:EN:Elon_Musk"
    ],
    "103601160": [
        "WIKI:EN:Joanna_Blythman",
        "WIKI:EN:Johnny_Jolly",
        "WIKI:EN:Ryuichi_Sakamoto"
    ],
    "1036032132": [
        "WIKI:EN:Annabel_Crabb",
        "WIKI:EN:Jessica_Sanchez",
        "WIKI:EN:Evan_Sanders"
    ],
    "103606815": [
        "WIKI:EN:Juanes",
        "WIKI:EN:Carlos_Vives",
        "WIKI:EN:Ruud_van_Nistelrooy"
    ],
    "1036289552": [
        "WIKI:EN:Vince_Hill",
        "WIKI:EN:Julie_Estelle",
        "WIKI:EN:Andy_Biersack"
    ],
    "1036623025": [
        "WIKI:EN:All_Time_Low",
        "WIKI:EN:Jorge_Rial",
        "WIKI:EN:Dr._Rock"
    ],
    "103683926": [
        "WIKI:EN:Jamie_Hyneman",
        "WIKI:EN:Tapatalk",
        "WIKI:EN:Fernando_Amorebieta"
    ],
    "1036889304": [
        "WIKI:EN:Versace",
        "WIKI:EN:Giorgio_Armani",
        "WIKI:EN:Danny_O'Neil"
    ],
    "103695833": [
        "WIKI:EN:Wargaming.net",
        "WIKI:EN:Michelle_Anderson",
        "WIKI:EN:CK-12_Foundation"
    ],
    "1036966026": [
        "WIKI:EN:Tim_Cone",
        "WIKI:EN:Jonathan_Head",
        "WIKI:EN:Josh_Hutcherson"
    ],
    "103697635": [
        "WIKI:EN:Kevin_McCloud",
        "WIKI:EN:Azteca_(multimedia_conglomerate)",
        "WIKI:EN:David_Faitelson"
    ],
    "103710272": [
        "WIKI:EN:Dennis_Werth",
        "WIKI:EN:Steve_Kamb",
        "WIKI:EN:David_Guetta"
    ],
    "1037218188": [
        "WIKI:EN:Jessica_Capshaw",
        "WIKI:EN:Fabio_Volo",
        "WIKI:EN:Ian_Harding"
    ],
    "103724029": [
        "WIKI:EN:Simon_Kinberg",
        "WIKI:EN:David_Steinman",
        "WIKI:EN:Brooke_Anderson"
    ],
    "103734233": [
        "WIKI:EN:Craig_Custance",
        "WIKI:EN:Daniel_Tosh",
        "WIKI:EN:Anders_Holm"
    ],
    "1037439548": [
        "WIKI:EN:Jim_Acosta",
        "WIKI:EN:Kris_Jenner",
        "WIKI:EN:Mekhi_Phifer"
    ],
    "1037446747": [
        "WIKI:EN:Lodovica_Comello",
        "WIKI:EN:Ruggero_Pasquarelli",
        "WIKI:EN:Refinery29"
    ],
    "103754789": [
        "WIKI:EN:Remember_the_Milk",
        "WIKI:EN:Ayumi_Hamasaki",
        "WIKI:EN:TwitPic"
    ],
    "103764862": [
        "WIKI:EN:Marty_Markowitz",
        "WIKI:EN:Raditya_dika",
        "WIKI:EN:Patrick_Star"
    ],
    "1037660724": [
        "WIKI:EN:Stillborn_Records",
        "WIKI:EN:Cher_Lloyd",
        "WIKI:EN:Richie_Porte"
    ],
    "103774344": [
        "WIKI:EN:Anna_Drijver",
        "WIKI:EN:Christian_Louboutin",
        "WIKI:EN:Victoria's_Secret"
    ],
    "1037800752": [
        "WIKI:EN:Eric_Ries",
        "WIKI:EN:Matthew_Perry",
        "WIKI:EN:Business_Insider"
    ],
    "103797817": [
        "WIKI:EN:Chris_Smalling",
        "WIKI:EN:Lisa_Surihani",
        "WIKI:EN:Scha_Al-Yahya"
    ],
    "1038012194": [
        "WIKI:EN:Gord_Stellick",
        "WIKI:EN:Klingande",
        "WIKI:EN:Lucy_O'Brien"
    ],
    "103803248": [
        "WIKI:EN:Seamus_Dever",
        "WIKI:EN:Jim_Beaver",
        "WIKI:EN:Bill_Elliott"
    ],
    "1038045986": [
        "WIKI:EN:John_Hanke",
        "WIKI:EN:Justin_Bieber",
        "WIKI:EN:Scooter_Braun"
    ],
    "103804651": [
        "WIKI:EN:The_Public_Theater",
        "WIKI:EN:PsychAlive",
        "WIKI:EN:Nikki_Valdez"
    ],
    "103828607": [
        "WIKI:EN:Aubrey_de_Grey",
        "WIKI:EN:Patricia_Bullrich",
        "WIKI:EN:Gabriela_Michetti"
    ],
    "103866018": [
        "WIKI:EN:Alejandro_Fantino",
        "WIKI:EN:Okey_Ndibe",
        "WIKI:EN:Scott_Borchetta"
    ],
    "103876251": [
        "WIKI:EN:Maddy",
        "WIKI:EN:Leeteuk",
        "WIKI:EN:Jo_Kwon"
    ],
    "103885155": [
        "WIKI:EN:Kevin_Barr",
        "WIKI:EN:Luke_McGregor",
        "WIKI:EN:Warren_Sapp"
    ],
    "103901070": [
        "WIKI:EN:CNN",
        "WIKI:EN:Zoltan_Istvan",
        "WIKI:EN:Misha_Omar"
    ],
    "103907235": [
        "WIKI:EN:Shah_Rukh_Khan",
        "WIKI:EN:Raj_Patel",
        "WIKI:EN:Emily_Osment"
    ],
    "1039128638": [
        "WIKI:EN:Meg_Cabot",
        "WIKI:EN:Eloisa_James",
        "WIKI:EN:Luanne_Rice"
    ],
    "103917375": [
        "WIKI:EN:Ludwika_Paleta",
        "WIKI:EN:Carlos_Loret_de_Mola",
        "WIKI:EN:Tom_Cullen"
    ],
    "1039180452": [
        "WIKI:EN:Luis_Figueroa",
        "WIKI:EN:Thomas_Boswell",
        "WIKI:EN:Justin_Trudeau"
    ],
    "103988575": [
        "WIKI:EN:Jeff",
        "WIKI:EN:Hallie_Haglund",
        "WIKI:EN:Marc_Colombo"
    ],
    "103992679": [
        "WIKI:EN:Cristiano_Ronaldo",
        "WIKI:EN:Skrillex",
        "WIKI:EN:Digital_Playground"
    ],
    "1039948508": [
        "WIKI:EN:Khairy_Jamaluddin",
        "WIKI:EN:Negeri_Sembilan",
        "WIKI:EN:Danny_Mountain"
    ],
    "1040058876": [
        "WIKI:EN:Kiloo",
        "WIKI:EN:Mauricio_Sanchez",
        "WIKI:EN:Jaden_Smith"
    ],
    "1040173813": [
        "WIKI:EN:Mon_Laferte",
        "WIKI:EN:Cristian_Hidalgo",
        "WIKI:EN:Elis_Paprika"
    ],
    "104022970": [
        "WIKI:EN:Ahmed_Patel",
        "WIKI:EN:Marcelo_Adnet",
        "WIKI:EN:Doha_Film_Institute"
    ],
    "104023328": [
        "WIKI:EN:Team_Dignitas",
        "WIKI:EN:Eike_Batista",
        "WIKI:EN:Stuart_Armstrong"
    ],
    "1040253625": [
        "WIKI:EN:Dota_2",
        "WIKI:EN:Dota_2",
        "WIKI:EN:Natus_Vincere"
    ],
    "104029464": [
        "WIKI:EN:Mary_Lou_Retton",
        "WIKI:EN:Manuel_L._Quezon_III",
        "WIKI:EN:Kenley_Jansen"
    ],
    "1040331618": [
        "WIKI:EN:Alexia_Putellas",
        "WIKI:EN:Jane_Goldman",
        "WIKI:EN:Valentino_Rossi"
    ],
    "104045503": [
        "WIKI:EN:Bob_Payne",
        "WIKI:EN:Leni_Robredo",
        "WIKI:EN:Larry_Hernandez"
    ],
    "1040612312": [
        "WIKI:EN:Shailene_Woodley",
        "WIKI:EN:George_Ludwig",
        "WIKI:EN:Syamsul_Yusof"
    ],
    "104063445": [
        "WIKI:EN:Carles_Puyol",
        "WIKI:EN:Gustavo_Cerati",
        "WIKI:EN:HUMO"
    ],
    "1040719962": [
        "WIKI:EN:Hipstamatic",
        "WIKI:EN:Instagram",
        "WIKI:EN:Steve_Novak"
    ],
    "104077121": [
        "WIKI:EN:Josh_Stein",
        "WIKI:EN:Daniel_Radosh",
        "WIKI:EN:Ashton_Kutcher"
    ],
    "1040784312": [
        "WIKI:EN:Branden_Steineckert",
        "WIKI:EN:Champs_Sports",
        "WIKI:EN:Dot_da_Genius"
    ],
    "1041111367": [
        "WIKI:EN:The_New_Yorker",
        "WIKI:EN:Nicholas_Kristof",
        "WIKI:EN:Mike_Harrington"
    ],
    "104111703": [
        "WIKI:EN:Anwar_Ibrahim",
        "WIKI:EN:Nurul_Izzah_Anwar",
        "WIKI:EN:Premier_League"
    ],
    "104127252": [
        "WIKI:EN:Pat_Forde",
        "WIKI:EN:Utah_Jazz",
        "WIKI:EN:The_Score_Group"
    ],
    "1041275712": [
        "WIKI:EN:Shona_McGarty",
        "WIKI:EN:Guy_Fieri",
        "WIKI:EN:Lou_Dobbs"
    ],
    "1041283249": [
        "WIKI:EN:Elizabeth_Reaser",
        "WIKI:EN:Jordan_Kovacs",
        "WIKI:EN:Scott_Jurek"
    ],
    "104138787": [
        "WIKI:EN:Samy_Kamkar",
        "WIKI:EN:The_Intercept",
        "WIKI:EN:Hacker_News"
    ],
    "1041461594": [
        "WIKI:EN:Simon_&_Schuster",
        "WIKI:EN:Kensington_Books",
        "WIKI:EN:AnimaNaturalis"
    ],
    "104156615": [
        "WIKI:EN:Tom_Holland_(author)",
        "WIKI:EN:Peter_Facinelli",
        "WIKI:EN:JetBlue"
    ],
    "1041593366": [
        "WIKI:EN:Sam_Khalifa",
        "WIKI:EN:Gordon_Edes",
        "WIKI:EN:Mo_Rocca"
    ],
    "104239528": [
        "WIKI:EN:Luciano_Ligabue",
        "WIKI:EN:Ivan_Basso",
        "WIKI:EN:Jonathan_Meeks"
    ],
    "1042408370": [
        "WIKI:EN:Alan_McDermott",
        "WIKI:EN:Mahesh_Babu",
        "WIKI:EN:Tyler_Polumbus"
    ],
    "104244091": [
        "WIKI:EN:Chilango",
        "WIKI:EN:Malibu_Country",
        "WIKI:EN:Giada_De_Laurentiis"
    ],
    "1042531747": [
        "WIKI:EN:Joan_Walsh",
        "WIKI:EN:Pressparty",
        "WIKI:EN:Tom_Hiddleston"
    ],
    "104257253": [
        "WIKI:EN:Phil_X",
        "WIKI:EN:XHOF-FM",
        "WIKI:EN:David_Lynch"
    ],
    "104265805": [
        "WIKI:EN:Ben_Myers",
        "WIKI:EN:Kim_Richards",
        "WIKI:EN:Chris_Watson"
    ],
    "104265880": [
        "WIKI:EN:Hasan_Cemal",
        "WIKI:EN:Hakan_Demir",
        "WIKI:EN:Eduardo"
    ],
    "1042671271": [
        "WIKI:EN:Juergen_Mayer",
        "WIKI:EN:Marisa_Miller",
        "WIKI:EN:Emma_Watson"
    ],
    "104267462": [
        "WIKI:EN:Guy_Benson",
        "WIKI:EN:Tobias_Ellwood",
        "WIKI:EN:Ab-Soul"
    ],
    "104307126": [
        "WIKI:EN:National_Basketball_Association",
        "WIKI:EN:Ross_Kemp",
        "WIKI:EN:Darren_Rovell"
    ],
    "104308467": [
        "WIKI:EN:Bobbie_Houston",
        "WIKI:EN:Desmond_Jennings",
        "WIKI:EN:David_Plante"
    ],
    "104315635": [
        "WIKI:EN:Leonardo_de_Lozanne",
        "WIKI:EN:Ely_Guerra",
        "WIKI:EN:Diego_Luna"
    ],
    "10432162": [
        "WIKI:EN:Jarrett_Payton",
        "WIKI:EN:HostGator",
        "WIKI:EN:Google"
    ],
    "104326390": [
        "WIKI:EN:Marimar_Vega",
        "WIKI:EN:Conan_O'Brien",
        "WIKI:EN:Rick_Bayless"
    ],
    "1043356478": [
        "WIKI:EN:Jamie_Carragher",
        "WIKI:EN:Tony_Fiorentino",
        "WIKI:EN:Paul_Verhoeven_(Australia)"
    ],
    "1043598745": [
        "WIKI:EN:Gisselle",
        "WIKI:EN:Alessandro_Cattelan",
        "WIKI:EN:Tavon_Wilson"
    ],
    "1043840479": [
        "WIKI:EN:Super_Duper",
        "WIKI:EN:The_Luminary",
        "WIKI:EN:JaCoby_Jones"
    ],
    "104385677": [
        "WIKI:EN:Tony_Fernandes",
        "WIKI:EN:Siti_Nurhaliza",
        "WIKI:EN:Manuel_Teodoro"
    ],
    "1043948564": [
        "WIKI:EN:Joumana_Haddad",
        "WIKI:EN:Machinima",
        "WIKI:EN:Francois_Hougaard"
    ],
    "104395831": [
        "WIKI:EN:Susan_Hendricks",
        "WIKI:EN:Carlos_Mena",
        "WIKI:EN:Google_Calendar"
    ],
    "1044006126": [
        "WIKI:EN:Pinterest",
        "WIKI:EN:Goodreads",
        "WIKI:EN:Barnes_&_Noble"
    ],
    "104400737": [
        "WIKI:EN:Cecil_Shorts_III",
        "WIKI:EN:Mikey_Way",
        "WIKI:EN:Jared_Leto"
    ],
    "1044280435": [
        "WIKI:EN:Sanjeev_Sanyal",
        "WIKI:EN:Andrea_Saul",
        "WIKI:EN:Daniel_Portman"
    ],
    "104431004": [
        "WIKI:EN:Miki_Nadal",
        "WIKI:EN:Berto_Romero",
        "WIKI:EN:The_Beatles"
    ],
    "104438673": [
        "WIKI:EN:Silvia_Olmedo",
        "WIKI:EN:Sally_Ann_Matthews",
        "WIKI:EN:Dan_Soder"
    ],
    "1044471212": [
        "WIKI:EN:Ian_Somerhalder",
        "WIKI:EN:Logan_Lerman",
        "WIKI:EN:The_Morning_Rush"
    ],
    "1044602276": [
        "WIKI:EN:Mario_Casas",
        "WIKI:EN:Sarah_Posner",
        "WIKI:EN:Pastora_Soler"
    ],
    "1044832632": [
        "WIKI:EN:Brad_Ellis",
        "WIKI:EN:Stefan_de_Vrij",
        "WIKI:EN:Ed_Sheeran"
    ],
    "1044955489": [
        "WIKI:EN:Astro_Awani",
        "WIKI:EN:New_York_&_Company",
        "WIKI:EN:Premier_League"
    ],
    "1045140930": [
        "WIKI:EN:Kyra_Gracie",
        "WIKI:EN:Louis_Tomlinson",
        "WIKI:EN:Liam"
    ],
    "104521127": [
        "WIKI:EN:Matty_Mullins",
        "WIKI:EN:Ashley_Taylor_Dawson",
        "WIKI:EN:Kat_Perkins"
    ],
    "1045221092": [
        "WIKI:EN:Max_Richter",
        "WIKI:EN:Tom_Middleton",
        "WIKI:EN:SoundCloud"
    ],
    "104530917": [
        "WIKI:EN:PowToon",
        "WIKI:EN:Gael_Monfils",
        "WIKI:EN:Dailymotion"
    ],
    "104534345": [
        "WIKI:EN:Residente",
        "WIKI:EN:Enrique_Iglesias",
        "WIKI:EN:Chad_Pennington"
    ],
    "104538822": [
        "WIKI:EN:Karen_Gillan",
        "WIKI:EN:Pau_Gasol",
        "WIKI:EN:Oliver_Stone"
    ],
    "1045514712": [
        "WIKI:EN:Andy_Greenwald",
        "WIKI:EN:Nando_Reis",
        "WIKI:EN:Jorge_&_Mateus"
    ],
    "104554025": [
        "WIKI:EN:Ilse_DeLange",
        "WIKI:EN:3VOOR12",
        "WIKI:EN:De_Balie"
    ],
    "104558435": [
        "WIKI:EN:David_Brock",
        "WIKI:EN:Goodreads",
        "WIKI:EN:ABA_Journal"
    ],
    "1045684898": [
        "WIKI:EN:Daniel_Dae_Kim",
        "WIKI:EN:Puffin_Books",
        "WIKI:EN:Stephen_Amell"
    ],
    "104569017": [
        "WIKI:EN:Jodi_Picoult",
        "WIKI:EN:Peter_Facinelli",
        "WIKI:EN:Michael_Sheen"
    ],
    "104582982": [
        "WIKI:EN:Myles_Jackman",
        "WIKI:EN:Adal_Ramones",
        "WIKI:EN:Fuse_ODG"
    ],
    "104600554": [
        "WIKI:EN:Alison_Tyler",
        "WIKI:EN:Stana_Katic",
        "WIKI:EN:Peter_Mensah"
    ],
    "104608417": [
        "WIKI:EN:Polo_Polo",
        "WIKI:EN:Anurag_Thakur",
        "WIKI:EN:Chilango"
    ],
    "104610806": [
        "WIKI:EN:Luis_Chataing",
        "WIKI:EN:Juan_Pablo_Raba",
        "WIKI:EN:Carla_Medina"
    ],
    "104620962": [
        "WIKI:EN:Marlon_Wayans",
        "WIKI:EN:Solange_Knowles",
        "WIKI:EN:Russell_Simmons"
    ],
    "1046610404": [
        "WIKI:EN:Jared_Turner",
        "WIKI:EN:Dominic_Thiem",
        "WIKI:EN:Felipe_Caicedo"
    ],
    "1046622463": [
        "WIKI:EN:Hobby_Farms_(magazine)",
        "WIKI:EN:Val_Kilmer",
        "WIKI:EN:Aaron_Rodgers"
    ],
    "104662808": [
        "WIKI:EN:Laurence_Golborne",
        "WIKI:EN:Carolina_de_Moras",
        "WIKI:EN:Radio_Monte_Carlo"
    ],
    "1046874044": [
        "WIKI:EN:Bad_Suns",
        "WIKI:EN:Lotto_Max",
        "WIKI:EN:Jamba_Juice"
    ],
    "1047023743": [
        "WIKI:EN:Kendall_Schmidt",
        "WIKI:EN:Logan_Henderson",
        "WIKI:EN:James_Maslow"
    ],
    "104714436": [
        "WIKI:EN:Rebecca_MacKinnon",
        "WIKI:EN:Robin_Wasserman",
        "WIKI:EN:Gayle_King"
    ],
    "1047280824": [
        "WIKI:EN:Nicki_Minaj",
        "WIKI:EN:Chloe",
        "WIKI:EN:Dom_Irrera"
    ],
    "1047769183": [
        "WIKI:EN:Vivian_Schiller",
        "WIKI:EN:Louis_Tomlinson",
        "WIKI:EN:Steve_Wolfhard"
    ],
    "1047796609": [
        "WIKI:EN:Sylvie_Meis",
        "WIKI:EN:Jason_Bentley",
        "WIKI:EN:Tara_Lipinski"
    ],
    "1047934177": [
        "WIKI:EN:Joel_Goldman",
        "WIKI:EN:Atom_Araullo",
        "WIKI:EN:Jenna_Marbles"
    ],
    "1047970694": [
        "WIKI:EN:Zeki_Demirkubuz",
        "WIKI:EN:Cem_Uzan",
        "WIKI:EN:Cem_Adrian"
    ],
    "1048052941": [
        "WIKI:EN:Real_Madrid_C.F.",
        "WIKI:EN:Craig_Ramsay",
        "WIKI:EN:Sergio_Aguayo"
    ],
    "1048132836": [
        "WIKI:EN:Yukari_Tamura",
        "WIKI:EN:Joshua_Allen",
        "WIKI:EN:Babolat"
    ],
    "1048145376": [
        "WIKI:EN:Hayley",
        "WIKI:EN:Shawn_Mendes",
        "WIKI:EN:Max_Blumenthal"
    ],
    "1048163100": [
        "WIKI:EN:Shelly_Martinez",
        "WIKI:EN:Nate_Lanxon",
        "WIKI:EN:Face_book"
    ],
    "1048211288": [
        "WIKI:EN:Jeremy_Affeldt",
        "WIKI:EN:Animoto",
        "WIKI:EN:Demi_Lovato"
    ],
    "104838778": [
        "WIKI:EN:Consuelo_Duval",
        "WIKI:EN:Polo_Polo",
        "WIKI:EN:Mark_Berman"
    ],
    "1048593152": [
        "WIKI:EN:G-Eazy",
        "WIKI:EN:San_E",
        "WIKI:EN:Bruno_Mars"
    ],
    "1048745910": [
        "WIKI:EN:Jo_Whiley",
        "WIKI:EN:Fearne_Cotton",
        "WIKI:EN:Chairlift_(band)"
    ],
    "1049003036": [
        "WIKI:EN:Haluk_Levent",
        "WIKI:EN:Angie_Tribeca",
        "WIKI:EN:Cristiano_Ronaldo"
    ],
    "10491382": [
        "WIKI:EN:The_Economist",
        "WIKI:EN:Mateus_Solano",
        "WIKI:EN:Rich_Barton"
    ],
    "104914914": [
        "WIKI:EN:DJ_Rap",
        "WIKI:EN:Adam_Bouska",
        "WIKI:EN:Delilah_Blue"
    ],
    "104914917": [
        "WIKI:EN:Entertainment_Weekly",
        "WIKI:EN:Google",
        "WIKI:EN:Felguk"
    ],
    "1049162425": [
        "WIKI:EN:Mojang",
        "WIKI:EN:Anthony_Davidson",
        "WIKI:EN:Jens_Bergensten"
    ],
    "104917165": [
        "WIKI:EN:Wynne_Evans",
        "WIKI:EN:La_Tercera",
        "WIKI:EN:Denise_Rosenthal"
    ],
    "104925609": [
        "WIKI:EN:Bhupender_Yadav",
        "WIKI:EN:Dr._Rock",
        "WIKI:EN:Danilo_Gentili"
    ],
    "104933275": [
        "WIKI:EN:Adela_Micha",
        "WIKI:EN:Fernando_Schwartz",
        "WIKI:EN:Claudia_Fragapane"
    ],
    "104954902": [
        "WIKI:EN:Adolfo_Aguilar",
        "WIKI:EN:Josh_Peck",
        "WIKI:EN:Drake_Bell"
    ],
    "10495702": [
        "WIKI:EN:Xabi_Alonso",
        "WIKI:EN:Sid_Lowe",
        "WIKI:EN:Ricky_Rubio"
    ],
    "1049623170": [
        "WIKI:EN:Maria_Ressa",
        "WIKI:EN:Alessandra_De_Rossi",
        "WIKI:EN:HubSpot"
    ],
    "104977607": [
        "WIKI:EN:Tom_Felton",
        "WIKI:EN:Kylie_Pentelow",
        "WIKI:EN:J._K._Rowling"
    ],
    "105000559": [
        "WIKI:EN:Alex_Hayes",
        "WIKI:EN:Marcel_Hirscher",
        "WIKI:EN:Demi_Lovato"
    ],
    "1050022700": [
        "WIKI:EN:Syamsul_Yusof",
        "WIKI:EN:Khairy_Jamaluddin",
        "WIKI:EN:Lisa_Surihani"
    ],
    "10500822": [
        "WIKI:EN:Alison_Levine",
        "WIKI:EN:CartaCapital",
        "WIKI:EN:Jason_Reitman"
    ],
    "105008436": [
        "WIKI:EN:Sabrina_Sato",
        "WIKI:EN:Ray_Shah",
        "WIKI:EN:Juliana_Paes"
    ],
    "105011368": [
        "WIKI:EN:Nate_Ravitz",
        "WIKI:EN:Catherine_Fulop",
        "WIKI:EN:Candela_Vetrano"
    ],
    "1050147318": [
        "WIKI:EN:Kasra_Naji",
        "WIKI:EN:Hooman_Majd",
        "WIKI:EN:Lex_Veldhuis"
    ],
    "105034796": [
        "WIKI:EN:Coldplay",
        "WIKI:EN:Evanna_Lynch",
        "WIKI:EN:Tom_Felton"
    ],
    "105099349": [
        "WIKI:EN:Maggie_Stiefvater",
        "WIKI:EN:Ethan_Nadelmann",
        "WIKI:EN:Jimmy_Carr"
    ],
    "105106176": [
        "WIKI:EN:Mike_Davidson",
        "WIKI:EN:Sarah_McLaughlin",
        "WIKI:EN:Estado_de_Minas"
    ],
    "1051108351": [
        "WIKI:EN:Matteo_Salvini",
        "WIKI:EN:Willa_Holland",
        "WIKI:EN:John_Cena"
    ],
    "1051121473": [
        "WIKI:EN:Denise_Dresser",
        "WIKI:EN:Margo_Glantz",
        "WIKI:EN:Proceso_(magazine)"
    ],
    "1051145474": [
        "WIKI:EN:Playboy",
        "WIKI:EN:Hampton_Creek",
        "WIKI:EN:Only_the_Blues"
    ],
    "1051240908": [
        "WIKI:EN:Carlos_Bacca",
        "WIKI:EN:Hope_Akpan",
        "WIKI:EN:Rihanna"
    ],
    "105143827": [
        "WIKI:EN:Carey_Hart",
        "WIKI:EN:Jornal_Hoje",
        "WIKI:EN:Allison_Melnick"
    ],
    "105150125": [
        "WIKI:EN:YouTube",
        "WIKI:EN:Radioshow",
        "WIKI:EN:The_Changcuters"
    ],
    "105168385": [
        "WIKI:EN:Spencer_Ackerman",
        "WIKI:EN:Rick_Barnes",
        "WIKI:EN:Aziz_Ansari"
    ],
    "105174268": [
        "WIKI:EN:Tom_Bradby",
        "WIKI:EN:Ben_Swift",
        "WIKI:EN:Pink_(singer)"
    ],
    "1051819196": [
        "WIKI:EN:Matthew_Williamson",
        "WIKI:EN:Mark_Waid",
        "WIKI:EN:Steve_Carell"
    ],
    "105194599": [
        "WIKI:EN:YouTube",
        "WIKI:EN:Aaron's,_Inc.",
        "WIKI:EN:Leah_McSweeney"
    ],
    "105198211": [
        "WIKI:EN:FC_Barcelona",
        "WIKI:EN:Bina_Shah",
        "WIKI:EN:David_Bisbal"
    ],
    "1051983049": [
        "WIKI:EN:Carlos_Carvalhal",
        "WIKI:EN:Last.fm",
        "WIKI:EN:The_Beatles"
    ],
    "1052012186": [
        "WIKI:EN:Rob_Refsnyder",
        "WIKI:EN:One_Direction",
        "WIKI:EN:Louis_Tomlinson"
    ],
    "105204483": [
        "WIKI:EN:VMware",
        "WIKI:EN:Mario_Armstrong",
        "WIKI:EN:Rosalyn_Gold-Onwude"
    ],
    "105209472": [
        "WIKI:EN:Calvin_Harris",
        "WIKI:EN:Ryan_Gosling",
        "WIKI:EN:Willa_Holland"
    ],
    "105223642": [
        "WIKI:EN:Patrick_Chung",
        "WIKI:EN:Science_News",
        "WIKI:EN:The_Beatles"
    ],
    "105256564": [
        "WIKI:EN:John_Breslin",
        "WIKI:EN:Alejandro_Jodorowsky",
        "WIKI:EN:DJ_Pain_1"
    ],
    "105257837": [
        "WIKI:EN:Noel_Sullivan",
        "WIKI:EN:Grammarly",
        "WIKI:EN:Pope_Francis"
    ],
    "105269963": [
        "WIKI:EN:Pablo",
        "WIKI:EN:Lady_Gaga",
        "WIKI:EN:The_Beatles"
    ],
    "105270868": [
        "WIKI:EN:Julie_Kedzie",
        "WIKI:EN:Can_Bonomo",
        "WIKI:EN:Z-Ro"
    ],
    "1052719579": [
        "WIKI:EN:One_Direction",
        "WIKI:EN:Tareq_Salahi",
        "WIKI:EN:Niall_Horan"
    ],
    "1052881836": [
        "WIKI:EN:One_Direction",
        "WIKI:EN:Juan_Varela",
        "WIKI:EN:Niall_Horan"
    ],
    "1053015865": [
        "WIKI:EN:Misha_Ge",
        "WIKI:EN:Emma_Watson",
        "WIKI:EN:Helen_Flanagan"
    ],
    "105318640": [
        "WIKI:EN:Naomi_Wolf",
        "WIKI:EN:Laurell_K._Hamilton",
        "WIKI:EN:Troy_Vincent"
    ],
    "105320169": [
        "WIKI:EN:El_Espectador",
        "WIKI:EN:TransMilenio",
        "WIKI:EN:Ethan_Suplee"
    ],
    "105330342": [
        "WIKI:EN:Mariana_Rios",
        "WIKI:EN:Shay_Mitchell",
        "WIKI:EN:Twitcam"
    ],
    "10533722": [
        "WIKI:EN:Olivia_Lee",
        "WIKI:EN:Manuel_Ferrara",
        "WIKI:EN:Jeremy_Powers"
    ],
    "1053624582": [
        "WIKI:EN:Jerzy_Buzek",
        "WIKI:EN:Lindy_Booth",
        "WIKI:EN:Paulina_Goto"
    ],
    "1053723427": [
        "WIKI:EN:Michelle_Gomez",
        "WIKI:EN:Isabel_Marant",
        "WIKI:EN:Cara_Delevingne"
    ],
    "1053862592": [
        "WIKI:EN:Nate_Lanxon",
        "WIKI:EN:Insound",
        "WIKI:EN:Demi_Lovato"
    ],
    "1053897104": [
        "WIKI:EN:Buster_Olney",
        "WIKI:EN:Richard_Bedford",
        "WIKI:EN:Ray_William_Johnson"
    ],
    "1053947882": [
        "WIKI:EN:Rockstar_Games",
        "WIKI:EN:Bill_Amend",
        "WIKI:EN:PlayStation"
    ],
    "105406926": [
        "WIKI:EN:Texas_Hippie_Coalition",
        "WIKI:EN:Michael_Dean_Shelton",
        "WIKI:EN:Urbandub"
    ],
    "1054082509": [
        "WIKI:EN:Nick_Harkaway",
        "WIKI:EN:One_Direction",
        "WIKI:EN:James_DeGale"
    ],
    "105421570": [
        "WIKI:EN:Ryan_Blaney",
        "WIKI:EN:Avril_Lavigne",
        "WIKI:EN:Muy_Interesante"
    ],
    "105422165": [
        "WIKI:EN:Estria",
        "WIKI:EN:Philippe_Couillard",
        "WIKI:EN:Matt_Paradis"
    ],
    "105437124": [
        "WIKI:EN:Michael_Kessler",
        "WIKI:EN:Nate_Simpson",
        "WIKI:EN:Dan_Stemkoski"
    ],
    "105457593": [
        "WIKI:EN:Seth_Maness",
        "WIKI:EN:Patricia_Bullrich",
        "WIKI:EN:Andy_Burnham"
    ],
    "105463512": [
        "WIKI:EN:Lynette_Chico",
        "WIKI:EN:Xabi_Alonso",
        "WIKI:EN:John_W._Henry"
    ],
    "1054797607": [
        "WIKI:EN:Ploughshares",
        "WIKI:EN:Bobby_Valentine",
        "WIKI:EN:Fernando_Alonso"
    ],
    "105506114": [
        "WIKI:EN:Bruno_Marioni",
        "WIKI:EN:American_Tourister",
        "WIKI:EN:Shakira"
    ],
    "1055062825": [
        "WIKI:EN:Richard_Sambrook",
        "WIKI:EN:Chanel",
        "WIKI:EN:Kyle_Noke"
    ],
    "1055104291": [
        "WIKI:EN:Maruja_Torres",
        "WIKI:EN:El_Malpensante",
        "WIKI:EN:Instituto_Cervantes"
    ],
    "105519423": [
        "WIKI:EN:Carlos_Loret_de_Mola",
        "WIKI:EN:Galilea_Montijo",
        "WIKI:EN:Montserrat_Oliver"
    ],
    "105520536": [
        "WIKI:EN:Mindy_Kaling",
        "WIKI:EN:Will_Richardson",
        "WIKI:EN:Kathy_Griffin"
    ],
    "105529855": [
        "WIKI:EN:Carlotta_Ferlito",
        "WIKI:EN:Cheryl_Reeve",
        "WIKI:EN:Luis_Fonsi"
    ],
    "105553307": [
        "WIKI:EN:Christy_Clark",
        "WIKI:EN:Soleil_Moon_Frye",
        "WIKI:EN:Max_Lugavere"
    ],
    "105567943": [
        "WIKI:EN:Milenio",
        "WIKI:EN:Jim_Himes",
        "WIKI:EN:Tony_Rock"
    ],
    "105569822": [
        "WIKI:EN:Karl_Lagerfeld",
        "WIKI:EN:Kaya_Scodelario",
        "WIKI:EN:Emma_Watson"
    ],
    "105592288": [
        "WIKI:EN:Conor_McNamara",
        "WIKI:EN:Sue_Vertue",
        "WIKI:EN:Carla_Morrison"
    ],
    "105645265": [
        "WIKI:EN:George_Jarkesy",
        "WIKI:EN:Miranda_Cosgrove",
        "WIKI:EN:Paul_F._Tompkins"
    ],
    "1056513145": [
        "WIKI:EN:Instituto_Cervantes",
        "WIKI:EN:ABC_(newspaper)",
        "WIKI:EN:Cedric_the_Entertainer"
    ],
    "1056631249": [
        "WIKI:EN:Bruce_Gilden",
        "WIKI:EN:Nathan_Fillion",
        "WIKI:EN:Felicia_Day"
    ],
    "10569722": [
        "WIKI:EN:Peter_Somerville",
        "WIKI:EN:John_Lavan",
        "WIKI:EN:Travis_Frederick"
    ],
    "1057112401": [
        "WIKI:EN:Roc_Nation",
        "WIKI:EN:Rihanna",
        "WIKI:EN:Frank_Bruni"
    ],
    "1057516135": [
        "WIKI:EN:The_Beatles",
        "WIKI:EN:Red_Hot_Chili_Peppers",
        "WIKI:EN:Kenny_Wayne_Shepherd"
    ],
    "1057613264": [
        "WIKI:EN:Cam_Atkinson",
        "WIKI:EN:La_Tercera",
        "WIKI:EN:Camila_Vallejo"
    ],
    "1057662908": [
        "WIKI:EN:Steff",
        "WIKI:EN:Claud",
        "WIKI:EN:Floortje_Dessing"
    ],
    "1057687470": [
        "WIKI:EN:Adam_Lyth",
        "WIKI:EN:UEFA_Europa_League",
        "WIKI:EN:Julia_Roberts"
    ],
    "1057995750": [
        "WIKI:EN:Bob_Levy_(comedian)",
        "WIKI:EN:Rockdelux",
        "WIKI:EN:Third_Man_Records"
    ],
    "1058041224": [
        "WIKI:EN:Binyamin_Appelbaum",
        "WIKI:EN:Rodrigo_Pacheco",
        "WIKI:EN:Kourtney_Kardashian"
    ],
    "105812073": [
        "WIKI:EN:Russell_Brand",
        "WIKI:EN:Zooey_Deschanel",
        "WIKI:EN:Emma_Watson"
    ],
    "105821710": [
        "WIKI:EN:Andrew_Belle",
        "WIKI:EN:Shaun_White",
        "WIKI:EN:Charlie_Brooks"
    ],
    "105841361": [
        "WIKI:EN:Jim_Beaver",
        "WIKI:EN:Felice_Herrig",
        "WIKI:EN:Janet_Jackson"
    ],
    "1058489468": [
        "WIKI:EN:Kevin_Interdonato",
        "WIKI:EN:Niall_Horan",
        "WIKI:EN:Liam"
    ],
    "105879098": [
        "WIKI:EN:Conor_Murphy",
        "WIKI:EN:Face_book",
        "WIKI:EN:Charlie_Sheen"
    ],
    "1058995674": [
        "WIKI:EN:Paulo",
        "WIKI:EN:Tom_Llamas",
        "WIKI:EN:Ryan_Seacrest"
    ],
    "1059054384": [
        "WIKI:EN:Cosculluela",
        "WIKI:EN:Residente",
        "WIKI:EN:De_La_Ghetto"
    ],
    "1059078516": [
        "WIKI:EN:Louis_Tomlinson",
        "WIKI:EN:Dark_Regions_Press",
        "WIKI:EN:Niall_Horan"
    ],
    "1059093152": [
        "WIKI:EN:Joana",
        "WIKI:EN:Samira",
        "WIKI:EN:Louis_Tomlinson"
    ],
    "105929149": [
        "WIKI:EN:Rafinha_Bastos",
        "WIKI:EN:Marco_Luque",
        "WIKI:EN:Sabrina_Sato"
    ],
    "1059669246": [
        "WIKI:EN:Katya_Zamolodchikova",
        "WIKI:EN:Ellie_Krieger",
        "WIKI:EN:Robin_Hobb"
    ],
    "106004012": [
        "WIKI:EN:Texas_Hippie_Coalition",
        "WIKI:EN:Rosa_Brooks",
        "WIKI:EN:Ximena_Navarrete"
    ],
    "1060503840": [
        "WIKI:EN:Giorgio_A._Tsoukalos",
        "WIKI:EN:Francesco_Facchinetti",
        "WIKI:EN:Jonah_Hill"
    ],
    "1060578600": [
        "WIKI:EN:Ford_Kiernan",
        "WIKI:EN:Simon_Cowell",
        "WIKI:EN:Niall_Horan"
    ],
    "106065829": [
        "WIKI:EN:Mark_W._Bennett",
        "WIKI:EN:Ahmet_Kural",
        "WIKI:EN:Miley_Cyrus"
    ],
    "106067609": [
        "WIKI:EN:Naoko_Yamazaki",
        "WIKI:EN:Scott_Weinger",
        "WIKI:EN:IBooks"
    ],
    "106087152": [
        "WIKI:EN:Gary_Hoover",
        "WIKI:EN:Curtis_Young",
        "WIKI:EN:Britney_Spears"
    ],
    "10610262": [
        "WIKI:EN:Kyle_Van_Noy",
        "WIKI:EN:Mother_Earth_News",
        "WIKI:EN:Kyle_Korver"
    ],
    "1061097006": [
        "WIKI:EN:Ravi_Agrawal",
        "WIKI:EN:Taissa_Farmiga",
        "WIKI:EN:Pascal_Wehrlein"
    ],
    "106110069": [
        "WIKI:EN:Dilma_Rousseff",
        "WIKI:EN:TV_Cultura",
        "WIKI:EN:Superinteressante"
    ],
    "1061120815": [
        "WIKI:EN:Dennis_James",
        "WIKI:EN:Zack_Snyder",
        "WIKI:EN:Logan_Leistikow"
    ],
    "106119275": [
        "WIKI:EN:Tiff_Needell",
        "WIKI:EN:Paul_McCarthy",
        "WIKI:EN:Fernando_Alonso"
    ],
    "106136665": [
        "WIKI:EN:David_Flatman",
        "WIKI:EN:9GAG",
        "WIKI:EN:Monica_Lewinsky"
    ],
    "1061542225": [
        "WIKI:EN:Vinicius",
        "WIKI:EN:Harry_McGee",
        "WIKI:EN:Niall_Horan"
    ],
    "106162987": [
        "WIKI:EN:Channing_Tatum",
        "WIKI:EN:Ekpe_Udoh",
        "WIKI:EN:Norman_Whiteside"
    ]
}