{
    "100004041": [
        "WIKI:EN:Miguel_Falabella",
        "WIKI:EN:Oscar_Filho",
        "WIKI:EN:Tom_Danielson"
    ],
    "100008460": [
        "WIKI:EN:Laura_Berg",
        "WIKI:EN:Josh_Earl",
        "WIKI:EN:Shannon_Leto"
    ],
    "100031697": [
        "WIKI:EN:Ian_Somerhalder",
        "WIKI:EN:David_Gandy",
        "WIKI:EN:Darren_Criss"
    ],
    "1000465040": [
        "WIKI:EN:Tommy_Tiernan",
        "WIKI:EN:One_Direction",
        "WIKI:EN:Manohar_Lal"
    ],
    "1000466221": [
        "WIKI:EN:Zendaya",
        "WIKI:EN:Logan_Lerman",
        "WIKI:EN:Crossfaith"
    ],
    "1000497458": [
        "WIKI:EN:Andy_Straka",
        "WIKI:EN:Ted_Goff",
        "WIKI:EN:Jackson_Hurst"
    ],
    "1000818570": [
        "WIKI:EN:Campbell_Brown",
        "WIKI:EN:Nathan_Ballard",
        "WIKI:EN:Hugh_Laurie"
    ],
    "1000874750": [
        "WIKI:EN:Pablo_Carrillo",
        "WIKI:EN:David_Faitelson",
        "WIKI:EN:Andy_Vernon"
    ],
    "100101137": [
        "WIKI:EN:Jason_Strauss",
        "WIKI:EN:Michael_J._Fischer",
        "WIKI:EN:Drapht"
    ],
    "100123499": [
        "WIKI:EN:Ed_Morrissey",
        "WIKI:EN:Julian_Casablancas",
        "WIKI:EN:Kim_Feenstra"
    ],
    "100126414": [
        "WIKI:EN:Lil_Duval",
        "WIKI:EN:Jackie_Kashian",
        "WIKI:EN:Martin_Garrix"
    ],
    "100127782": [
        "WIKI:EN:Justin_Bieber",
        "WIKI:EN:Carlitos",
        "WIKI:EN:Bengie_Molina"
    ],
    "1001865625": [
        "WIKI:EN:GradeAUnderA",
        "WIKI:EN:Keith_Jenkins",
        "WIKI:EN:ESPN"
    ],
    "1002338478": [
        "WIKI:EN:Lexi_Thompson",
        "WIKI:EN:Paulina_Goto",
        "WIKI:EN:Alli"
    ],
    "1002370621": [
        "WIKI:EN:Paulina_Rubio",
        "WIKI:EN:Katharine_Hayhoe",
        "WIKI:EN:Juanes"
    ],
    "1002479173": [
        "WIKI:EN:John_Gruber",
        "WIKI:EN:Dan_Cederholm",
        "WIKI:EN:Judy_Murray"
    ],
    "1002734161": [
        "WIKI:EN:Liam",
        "WIKI:EN:Vanilla_sugar",
        "WIKI:EN:Real_Madrid_C.F."
    ],
    "100303502": [
        "WIKI:EN:Glenn_Howerton",
        "WIKI:EN:Bindi_Irwin",
        "WIKI:EN:Andrew_Goldstein_(musician)"
    ],
    "1003094628": [
        "WIKI:EN:Nuria_Piera",
        "WIKI:EN:Justin_Bieber",
        "WIKI:EN:Mark_Gilroy"
    ],
    "100311153": [
        "WIKI:EN:Taylor_Swift",
        "WIKI:EN:Ernie_Halter",
        "WIKI:EN:JJ_Lin"
    ],
    "1003160634": [
        "WIKI:EN:Crystalyne",
        "WIKI:EN:C\ufffdur_de_pirate",
        "WIKI:EN:Daryl_Sabara"
    ],
    "100329389": [
        "WIKI:EN:Michelle_Rodriguez",
        "WIKI:EN:James_Hibberd",
        "WIKI:EN:Juanes"
    ],
    "100336426": [
        "WIKI:EN:Jordi_Cruz",
        "WIKI:EN:Ashton_Kutcher",
        "WIKI:EN:50_Cent"
    ],
    "100341806": [
        "WIKI:EN:Rafinha_Bastos",
        "WIKI:EN:Kiko_Loureiro",
        "WIKI:EN:Orianthi"
    ],
    "100348420": [
        "WIKI:EN:Cin\ufffdpolis",
        "WIKI:EN:Pedro_Ferriz_de_Con",
        "WIKI:EN:Thandie_Newton"
    ],
    "100353062": [
        "WIKI:EN:BBC_Mundo",
        "WIKI:EN:El_Mercurio",
        "WIKI:EN:CNN_Chile"
    ],
    "100367661": [
        "WIKI:EN:Erkan_Can",
        "WIKI:EN:Levent_Kazak",
        "WIKI:EN:Janelle_Arthur"
    ],
    "100382381": [
        "WIKI:EN:Chilango",
        "WIKI:EN:Pedro_Ferriz_de_Con",
        "WIKI:EN:Ilwad_Elman"
    ],
    "1003950506": [
        "WIKI:EN:Helsingin_Sanomat",
        "WIKI:EN:Alexander_Stubb",
        "WIKI:EN:Alf_Rehn"
    ],
    "1004113171": [
        "WIKI:EN:Krayzie_Bone",
        "WIKI:EN:Sergei_Bobrovsky",
        "WIKI:EN:The_Weeknd"
    ],
    "10043572": [
        "WIKI:EN:Southwark_Playhouse",
        "WIKI:EN:Matt_Maiocco",
        "WIKI:EN:Chris_Cillizza"
    ],
    "1004487295": [
        "WIKI:EN:Tinka_Milinovi?",
        "WIKI:EN:Nicky_Romero",
        "WIKI:EN:Dwayne_Johnson"
    ],
    "1004682006": [
        "WIKI:EN:ERICA",
        "WIKI:EN:Carla",
        "WIKI:EN:Jaque"
    ],
    "1004743650": [
        "WIKI:EN:Louis_Tomlinson",
        "WIKI:EN:Karina_Carvalho",
        "WIKI:EN:One_Direction"
    ],
    "1004986386": [
        "WIKI:EN:Colin_Cowherd",
        "WIKI:EN:Melanie",
        "WIKI:EN:Breanna_Stewart"
    ],
    "100499327": [
        "WIKI:EN:Nigel_Robertson",
        "WIKI:EN:Scott_Forstall",
        "WIKI:EN:Yen_Press"
    ],
    "100503113": [
        "WIKI:EN:Simon_Coveney",
        "WIKI:EN:Munster_Rugby",
        "WIKI:EN:Mendes"
    ],
    "100536197": [
        "WIKI:EN:Raj_Patel",
        "WIKI:EN:David_Faitelson",
        "WIKI:EN:Elijah_Burke"
    ],
    "100539960": [
        "WIKI:EN:Lexi",
        "WIKI:EN:Eduardo_Spohr",
        "WIKI:EN:Banksy"
    ],
    "100552039": [
        "WIKI:EN:John_C._Dvorak",
        "WIKI:EN:Rainn_Wilson",
        "WIKI:EN:The_All_American"
    ],
    "1005782072": [
        "WIKI:EN:Social_capital",
        "WIKI:EN:Jesmyn_Ward",
        "WIKI:EN:HarperCollins"
    ],
    "1005794179": [
        "WIKI:EN:Eroc",
        "WIKI:EN:Shakey_Graves",
        "WIKI:EN:Adam_Lambert"
    ],
    "100581547": [
        "WIKI:EN:Geoff_Lloyd",
        "WIKI:EN:Ian_Somerhalder",
        "WIKI:EN:Pablo"
    ],
    "1005890864": [
        "WIKI:EN:Carlos_Loret_de_Mola",
        "WIKI:EN:Nando_Reis",
        "WIKI:EN:Aleks_Syntek"
    ],
    "100602922": [
        "WIKI:EN:Farruko",
        "WIKI:EN:Dan_Barber",
        "WIKI:EN:Jowell"
    ],
    "100605023": [
        "WIKI:EN:Paul_Porter",
        "WIKI:EN:Atul_Butte",
        "WIKI:EN:SoundExchange"
    ],
    "100610581": [
        "WIKI:EN:B9",
        "WIKI:EN:David_Grosso",
        "WIKI:EN:Justin_Bieber"
    ],
    "100618369": [
        "WIKI:EN:Cut_Memey",
        "WIKI:EN:Lea_Michele",
        "WIKI:EN:Club_Nintendo"
    ],
    "1006380030": [
        "WIKI:EN:Nic",
        "WIKI:EN:Marlies_Dekkers",
        "WIKI:EN:Nini"
    ],
    "100643423": [
        "WIKI:EN:Manel",
        "WIKI:EN:InciWeb",
        "WIKI:EN:Lifelover"
    ],
    "1006489586": [
        "WIKI:EN:Katya_Zamolodchikova",
        "WIKI:EN:Rux",
        "WIKI:EN:Alyson_Court"
    ],
    "100649594": [
        "WIKI:EN:Kevin",
        "WIKI:EN:Aaron_Paul",
        "WIKI:EN:Bryan_Cranston"
    ],
    "1006497258": [
        "WIKI:EN:Jen_Selter",
        "WIKI:EN:Ceza",
        "WIKI:EN:LeBron_James"
    ],
    "1006745869": [
        "WIKI:EN:Daryl_Reaugh",
        "WIKI:EN:Gino_D'Acampo",
        "WIKI:EN:Shane_Filan"
    ],
    "1006972200": [
        "WIKI:EN:Divino",
        "WIKI:EN:Taylor_Swift",
        "WIKI:EN:Matthew_Keys"
    ],
    "1007067950": [
        "WIKI:EN:Misha_Collins",
        "WIKI:EN:Jim_Beaver",
        "WIKI:EN:Jaclyn_Victor"
    ],
    "100710793": [
        "WIKI:EN:SourceFed",
        "WIKI:EN:Mashable",
        "WIKI:EN:Anna_M."
    ],
    "100746762": [
        "WIKI:EN:David_Lynch",
        "WIKI:EN:IMDb",
        "WIKI:EN:Box_Office_Mojo"
    ],
    "1007586636": [
        "WIKI:EN:Evanna_Lynch",
        "WIKI:EN:Princess_Cruises",
        "WIKI:EN:Lady_Gaga"
    ],
    "1007809453": [
        "WIKI:EN:Ariana_Grande",
        "WIKI:EN:Bengie_Molina",
        "WIKI:EN:Champagne_Pol_Roger"
    ],
    "100782381": [
        "WIKI:EN:Laurence",
        "WIKI:EN:Paul_Solomon",
        "WIKI:EN:Rah_Digga"
    ],
    "1008035437": [
        "WIKI:EN:KENZ",
        "WIKI:EN:Michael_Cudlitz",
        "WIKI:EN:LeBron_James"
    ],
    "1008247771": [
        "WIKI:EN:Justin_Bieber",
        "WIKI:EN:Craig_Fisher",
        "WIKI:EN:One_Direction"
    ],
    "100825335": [
        "WIKI:EN:Alex_Lynn",
        "WIKI:EN:Lady_Gaga",
        "WIKI:EN:Tinie_Tempah"
    ],
    "100853343": [
        "WIKI:EN:Stevie_Brown",
        "WIKI:EN:Matthew_VanDyke",
        "WIKI:EN:Shorty_Awards"
    ],
    "100861785": [
        "WIKI:EN:Jimmy_Palmiotti",
        "WIKI:EN:Barack_Obama",
        "WIKI:EN:Switchfoot"
    ],
    "100888938": [
        "WIKI:EN:Arturo_Rivera",
        "WIKI:EN:Esteban_Arce",
        "WIKI:EN:Courtney_Upshaw"
    ],
    "1009020169": [
        "WIKI:EN:John_Smit",
        "WIKI:EN:Ryan_Reyes",
        "WIKI:EN:Angelique_Kerber"
    ],
    "1009327393": [
        "WIKI:EN:Josh_Kelley",
        "WIKI:EN:Kevin_Spacey",
        "WIKI:EN:Barack_Obama"
    ],
    "100956659": [
        "WIKI:EN:Math_for_America",
        "WIKI:EN:HootSuite",
        "WIKI:EN:Pink_(singer)"
    ],
    "1009630860": [
        "WIKI:EN:Ruth_Silver",
        "WIKI:EN:Bob_Garfield",
        "WIKI:EN:Rocco_Siffredi"
    ],
    "1010171508": [
        "WIKI:EN:Rutledge_Wood",
        "WIKI:EN:Scott_Krinsky",
        "WIKI:EN:Liam"
    ],
    "1010330760": [
        "WIKI:EN:Mukhtar_Abbas_Naqvi",
        "WIKI:EN:Daniel_Marsh",
        "WIKI:EN:Taylor_Swift"
    ],
    "101036488": [
        "WIKI:EN:Terry_Virgo",
        "WIKI:EN:Lindsay_Lohan",
        "WIKI:EN:Lauren_Conrad"
    ],
    "101067510": [
        "WIKI:EN:Chilevisi\ufffdn",
        "WIKI:EN:Michelle_McManus",
        "WIKI:EN:Capitol_Studios"
    ],
    "101075232": [
        "WIKI:EN:Oscar_Isaac",
        "WIKI:EN:Alejandro_Jodorowsky",
        "WIKI:EN:Matthew_Bailey"
    ],
    "101077773": [
        "WIKI:EN:Bill_Simmons",
        "WIKI:EN:Ted_Alexandro",
        "WIKI:EN:Chuck_Klosterman"
    ],
    "101099207": [
        "WIKI:EN:Demi_Lovato",
        "WIKI:EN:Richard_Prince",
        "WIKI:EN:Dianna_Agron"
    ],
    "10113082": [
        "WIKI:EN:Jon_F._Merz",
        "WIKI:EN:Biz_Stone",
        "WIKI:EN:Storm_Calysta"
    ],
    "101137918": [
        "WIKI:EN:Google",
        "WIKI:EN:Owen_King",
        "WIKI:EN:Oscar_the_Grouch"
    ],
    "101140731": [
        "WIKI:EN:Vladdo",
        "WIKI:EN:Ryan_Devlin",
        "WIKI:EN:Noticias_Uno"
    ],
    "101153119": [
        "WIKI:EN:Mignon_Fogarty",
        "WIKI:EN:Vladdo",
        "WIKI:EN:Jaime_Bayly"
    ],
    "101169594": [
        "WIKI:EN:Scooter_Braun",
        "WIKI:EN:Jesse_Giddings",
        "WIKI:EN:Francisca_Valenzuela"
    ],
    "1011863071": [
        "WIKI:EN:David_Sze",
        "WIKI:EN:Sara_Crowe",
        "WIKI:EN:Cody_Deal"
    ],
    "1012011308": [
        "WIKI:EN:Kim_Jong-un",
        "WIKI:EN:Phil_Hendrie",
        "WIKI:EN:Santiago_Segura"
    ],
    "101201281": [
        "WIKI:EN:Zapeando",
        "WIKI:EN:Gail_Simone",
        "WIKI:EN:Jamie_Lynn_Spears"
    ],
    "101210203": [
        "WIKI:EN:Melissa_Thomas",
        "WIKI:EN:Aura_Cristina_Geithner",
        "WIKI:EN:Amr_Diab"
    ],
    "1012241618": [
        "WIKI:EN:KaDee_Strickland",
        "WIKI:EN:Brad_Feld",
        "WIKI:EN:Michael_O'Hare"
    ],
    "1012258477": [
        "WIKI:EN:Chris_Dave",
        "WIKI:EN:Lady_Gaga",
        "WIKI:EN:Coldplay"
    ],
    "101243114": [
        "WIKI:EN:Duilio_Davino",
        "WIKI:EN:Premier_League",
        "WIKI:EN:Grand_Prix_motorcycle_racing"
    ],
    "101244568": [
        "WIKI:EN:Daniel_Viotto",
        "WIKI:EN:Alejandro",
        "WIKI:EN:Juanes"
    ],
    "1012511618": [
        "WIKI:EN:Marcelo_Tinelli",
        "WIKI:EN:Barbara_Crampton",
        "WIKI:EN:Adrien_Silva"
    ],
    "1013165376": [
        "WIKI:EN:Kevin_Durant",
        "WIKI:EN:Ross_Robinson",
        "WIKI:EN:Jamie_Grace"
    ],
    "101345146": [
        "WIKI:EN:Adam_Schefter",
        "WIKI:EN:Katie_Cook",
        "WIKI:EN:Peter_DeLuise"
    ],
    "101348175": [
        "WIKI:EN:Casey_Abrams",
        "WIKI:EN:Enchanted_Kingdom",
        "WIKI:EN:Shakira"
    ],
    "1013618389": [
        "WIKI:EN:Bruce_Venture",
        "WIKI:EN:Dani_Rovira",
        "WIKI:EN:Justin_Bieber"
    ],
    "101390694": [
        "WIKI:EN:Ashton_Kutcher",
        "WIKI:EN:Mono/Poly",
        "WIKI:EN:Jadakiss"
    ],
    "101402200": [
        "WIKI:EN:Conan_O'Brien",
        "WIKI:EN:Denene_Millner",
        "WIKI:EN:Hank_Green"
    ],
    "101408415": [
        "WIKI:EN:Alejandro_Jodorowsky",
        "WIKI:EN:Love_of_Lesbian",
        "WIKI:EN:NetBeans"
    ],
    "101435183": [
        "WIKI:EN:Javier_Corral_Jurado",
        "WIKI:EN:Carlos_Loret_de_Mola",
        "WIKI:EN:Paola_Rojas"
    ],
    "101455578": [
        "WIKI:EN:1LIVE",
        "WIKI:EN:Dakota_Bradley",
        "WIKI:EN:GoPro"
    ],
    "101532373": [
        "WIKI:EN:Francesco_Facchinetti",
        "WIKI:EN:LCD_Soundsystem",
        "WIKI:EN:Julie_Gonzalo"
    ],
    "1015529426": [
        "WIKI:EN:Alessandro_Del_Piero",
        "WIKI:EN:Guilherme",
        "WIKI:EN:Zosia_Mamet"
    ],
    "101564059": [
        "WIKI:EN:Paola_Rojas",
        "WIKI:EN:Adela_Micha",
        "WIKI:EN:Blue_to_the_Bone"
    ],
    "101570656": [
        "WIKI:EN:Linda_Ramone",
        "WIKI:EN:Anne_Lamott",
        "WIKI:EN:Ellen_DeGeneres"
    ],
    "1015789555": [
        "WIKI:EN:Khalid_Abdalla",
        "WIKI:EN:Netflix",
        "WIKI:EN:Esporte_Interativo"
    ],
    "101606404": [
        "WIKI:EN:Gerry_Scotti",
        "WIKI:EN:Sheryl_WuDunn",
        "WIKI:EN:Rebecca_Haarlow"
    ],
    "1016125681": [
        "WIKI:EN:9GAG",
        "WIKI:EN:Juliette_Binoche",
        "WIKI:EN:Megadeth"
    ],
    "1016147888": [
        "WIKI:EN:Beatriz",
        "WIKI:EN:Philipp",
        "WIKI:EN:Damien_Rice"
    ],
    "101678096": [
        "WIKI:EN:Laurence_Golborne",
        "WIKI:EN:Residente",
        "WIKI:EN:Omer_Bhatti"
    ],
    "101684764": [
        "WIKI:EN:Maxene_Magalona",
        "WIKI:EN:Ryan_Seacrest",
        "WIKI:EN:Jennifer_Lopez"
    ],
    "101687807": [
        "WIKI:EN:Russell_Crowe",
        "WIKI:EN:Phil_Liggett",
        "WIKI:EN:Gaby"
    ],
    "101692360": [
        "WIKI:EN:Cleveland_plus",
        "WIKI:EN:Shakira",
        "WIKI:EN:Polo_Polo"
    ],
    "101721345": [
        "WIKI:EN:Kass",
        "WIKI:EN:Lady_Gaga",
        "WIKI:EN:50_Cent"
    ],
    "1017330493": [
        "WIKI:EN:Kyan_Khojandi",
        "WIKI:EN:Tom_Schaar",
        "WIKI:EN:Mycroft_Holmes"
    ],
    "1017561212": [
        "WIKI:EN:Dani_Mateo",
        "WIKI:EN:Elijah_Wood",
        "WIKI:EN:Toby_Gad"
    ],
    "1017668882": [
        "WIKI:EN:Griffin_Gluck",
        "WIKI:EN:Ed_Sheeran",
        "WIKI:EN:Chris_Fleming"
    ],
    "1017794486": [
        "WIKI:EN:BBC_Mundo",
        "WIKI:EN:Norman_Reedus",
        "WIKI:EN:Tele13"
    ],
    "101801111": [
        "WIKI:EN:Yeltsin_Tejeda",
        "WIKI:EN:Joel_Campbell",
        "WIKI:EN:Scott_Adkins"
    ],
    "101801943": [
        "WIKI:EN:Ruby_Walsh",
        "WIKI:EN:Ed_Kashi",
        "WIKI:EN:Alessia"
    ],
    "1018042374": [
        "WIKI:EN:Until_We_Get_Caught",
        "WIKI:EN:Even_If_It_Kills_Me",
        "WIKI:EN:Rodrigo_Mora"
    ],
    "1018314182": [
        "WIKI:EN:Emmett_J._Scanlan",
        "WIKI:EN:Justin_Bieber",
        "WIKI:EN:Sarah_Newton"
    ],
    "1018338006": [
        "WIKI:EN:Blaise_Matuidi",
        "WIKI:EN:Larry_Fong",
        "WIKI:EN:Guji_Lorenzana"
    ],
    "101865955": [
        "WIKI:EN:Peter_Schmeichel",
        "WIKI:EN:Daniel_Agger",
        "WIKI:EN:Stephen_Silver"
    ],
    "101866367": [
        "WIKI:EN:Edwyn_Collins",
        "WIKI:EN:Stephen_Fry",
        "WIKI:EN:STV_News"
    ],
    "1018670268": [
        "WIKI:EN:Lina",
        "WIKI:EN:Barack_Obama",
        "WIKI:EN:Andrew_Dalton"
    ],
    "1018765028": [
        "WIKI:EN:Fernando",
        "WIKI:EN:Guillermo_Ochoa",
        "WIKI:EN:Chuck_Bass"
    ],
    "101878450": [
        "WIKI:EN:Angela_Douglas",
        "WIKI:EN:Kat_Von_D",
        "WIKI:EN:Katy_Perry"
    ],
    "101881961": [
        "WIKI:EN:Eric_Dean_Seaton",
        "WIKI:EN:LZ_Granderson",
        "WIKI:EN:Twin_Atlantic"
    ],
    "101894464": [
        "WIKI:EN:Booba",
        "WIKI:EN:Veronica_Webb",
        "WIKI:EN:Justin_Bieber"
    ],
    "1019070283": [
        "WIKI:EN:Calvin_Harris",
        "WIKI:EN:Karla_Crome",
        "WIKI:EN:Riley_Steele"
    ],
    "101910254": [
        "WIKI:EN:Nayef",
        "WIKI:EN:Julia_Morris",
        "WIKI:EN:Aleksandr_Gorin"
    ],
    "101923507": [
        "WIKI:EN:Eugenio_Derbez",
        "WIKI:EN:Ely_Guerra",
        "WIKI:EN:Tom_Warren"
    ],
    "101934224": [
        "WIKI:EN:Carlos_Baute",
        "WIKI:EN:Javier_Alatorre",
        "WIKI:EN:Never_Forget_Me"
    ],
    "101935414": [
        "WIKI:EN:Shinichi_Osawa",
        "WIKI:EN:Gilles_Peterson",
        "WIKI:EN:Kyle_Lohse"
    ],
    "101938507": [
        "WIKI:EN:Noodles_&amp;_Company",
        "WIKI:EN:Ted_Danson",
        "WIKI:EN:MoveOn.org"
    ],
    "101948722": [
        "WIKI:EN:Jake_Wood",
        "WIKI:EN:Tarja_Turunen",
        "WIKI:EN:Perttu_Kivilaakso"
    ],
    "101972486": [
        "WIKI:EN:Chilango",
        "WIKI:EN:Sara_Maldonado",
        "WIKI:EN:Cin\ufffdpolis"
    ],
    "1019910242": [
        "WIKI:EN:Will_Ferrell",
        "WIKI:EN:Don_Nichols",
        "WIKI:EN:Anna_Holmes"
    ],
    "1020119850": [
        "WIKI:EN:Santiago_Segura",
        "WIKI:EN:David_Guetta",
        "WIKI:EN:Alberto_Contador"
    ],
    "102035654": [
        "WIKI:EN:Gerard_Joling",
        "WIKI:EN:Kim_Feenstra",
        "WIKI:EN:Lauren_Conrad"
    ],
    "10203812": [
        "WIKI:EN:Carlos_Mena",
        "WIKI:EN:Barack_Obama",
        "WIKI:EN:Candide_Thovex"
    ],
    "1020415165": [
        "WIKI:EN:Deji",
        "WIKI:EN:Ravel_Morrison",
        "WIKI:EN:Melanie_C"
    ],
    "1020434226": [
        "WIKI:EN:Robert_Woodard",
        "WIKI:EN:Cowdenbeath_F.C.",
        "WIKI:EN:Demi_Lovato"
    ],
    "1020553891": [
        "WIKI:EN:Nicki_Minaj",
        "WIKI:EN:Wiz_Khalifa",
        "WIKI:EN:Alicia_Keys"
    ],
    "1020650042": [
        "WIKI:EN:Richard_Keys",
        "WIKI:EN:Human_Rights_Campaign",
        "WIKI:EN:Cleveland_Clinic"
    ],
    "102091751": [
        "WIKI:EN:Dylan_Evans",
        "WIKI:EN:Last.fm",
        "WIKI:EN:Trevor_Immelman"
    ],
    "102091856": [
        "WIKI:EN:Matteo_Renzi",
        "WIKI:EN:Carolyn",
        "WIKI:EN:Pyrena"
    ],
    "102104895": [
        "WIKI:EN:Ivi_Adamou",
        "WIKI:EN:Miyavi",
        "WIKI:EN:Tim_Lincecum"
    ],
    "102116728": [
        "WIKI:EN:Polo_Polo",
        "WIKI:EN:Olallo_Rubio",
        "WIKI:EN:Esteban_Arce"
    ],
    "102126264": [
        "WIKI:EN:Julia_Gillard",
        "WIKI:EN:LabourStart",
        "WIKI:EN:Utah_Jazz"
    ],
    "1021270255": [
        "WIKI:EN:Katharine_Hayhoe",
        "WIKI:EN:Mira_Lesmana",
        "WIKI:EN:Acha_Septriasa"
    ],
    "102131599": [
        "WIKI:EN:Rob_Pike",
        "WIKI:EN:Diego_Luna",
        "WIKI:EN:India_Eisley"
    ],
    "102144889": [
        "WIKI:EN:Travis_Barker",
        "WIKI:EN:Tim_Masthay",
        "WIKI:EN:Jason_Bent"
    ],
    "102155500": [
        "WIKI:EN:Javier_Alatorre",
        "WIKI:EN:Gabe_Zichermann",
        "WIKI:EN:Aleks_Syntek"
    ],
    "1021610683": [
        "WIKI:EN:Melissa_Satta",
        "WIKI:EN:Yvette_Fielding",
        "WIKI:EN:Valentino_Rossi"
    ],
    "102166227": [
        "WIKI:EN:Esther_Armah",
        "WIKI:EN:Paolo_Bediones",
        "WIKI:EN:Larissa_Ione"
    ],
    "1021691316": [
        "WIKI:EN:Larry_Fong",
        "WIKI:EN:Rove_McManus",
        "WIKI:EN:Jimmy_Fallon"
    ],
    "1021985196": [
        "WIKI:EN:Dani_Rovira",
        "WIKI:EN:Gyasi_Zardes",
        "WIKI:EN:Ricky_Rubio"
    ],
    "102212820": [
        "WIKI:EN:Katie",
        "WIKI:EN:Stephen_Michael",
        "WIKI:EN:Landon_Donovan"
    ],
    "102214545": [
        "WIKI:EN:Lady_Gaga",
        "WIKI:EN:Jeff_Pearlman",
        "WIKI:EN:Britney_Spears"
    ],
    "1022204426": [
        "WIKI:EN:Shay_Mitchell",
        "WIKI:EN:Lady_Gaga",
        "WIKI:EN:Ashley_Benson"
    ],
    "102228227": [
        "WIKI:EN:The_Roots",
        "WIKI:EN:Katie_Fforde",
        "WIKI:EN:Okayplayer"
    ],
    "102238504": [
        "WIKI:EN:Adela_Micha",
        "WIKI:EN:Carlos_Loret_de_Mola",
        "WIKI:EN:Esteban_Arce"
    ],
    "1022448679": [
        "WIKI:EN:Justin_Bieber",
        "WIKI:EN:Terri_Runnels",
        "WIKI:EN:Alex_Brooker"
    ],
    "1022457601": [
        "WIKI:EN:Britney_Spears",
        "WIKI:EN:Katy_Perry",
        "WIKI:EN:Miley_Cyrus"
    ],
    "1022546299": [
        "WIKI:EN:Team_Secret",
        "WIKI:EN:Adamson_University",
        "WIKI:EN:9GAG"
    ],
    "1022621294": [
        "WIKI:EN:Thomas_Minns",
        "WIKI:EN:Eduardo_Spohr",
        "WIKI:EN:Rachel_Shabi"
    ],
    "1022867144": [
        "WIKI:EN:Aquiles_Priester",
        "WIKI:EN:Coolhaus",
        "WIKI:EN:Mike_Newkirk"
    ],
    "1023010538": [
        "WIKI:EN:Ece",
        "WIKI:EN:Carla",
        "WIKI:EN:Hailee_Steinfeld"
    ],
    "10235502": [
        "WIKI:EN:Nicole_Lyn",
        "WIKI:EN:Jenna_Wortham",
        "WIKI:EN:C-SPAN"
    ],
    "102380221": [
        "WIKI:EN:Before_Sunrise",
        "WIKI:EN:John_Dahl",
        "WIKI:EN:Soleil_Moon_Frye"
    ],
    "1024239650": [
        "WIKI:EN:Chris",
        "WIKI:EN:Nini",
        "WIKI:EN:Dalai_Lama"
    ],
    "102449580": [
        "WIKI:EN:Eugenio_Derbez",
        "WIKI:EN:Wolf_Blitzer",
        "WIKI:EN:Nicky_Romero"
    ],
    "102463822": [
        "WIKI:EN:Trevor_Philips",
        "WIKI:EN:Neil_Patrick_Harris",
        "WIKI:EN:Eliza_Dushku"
    ],
    "1024729050": [
        "WIKI:EN:NTV_Spor",
        "WIKI:EN:Pontifical_Catholic_University_of_Peru",
        "WIKI:EN:Ahmet_Kural"
    ],
    "102481859": [
        "WIKI:EN:Ellen_DeGeneres",
        "WIKI:EN:Colm_Cooper",
        "WIKI:EN:Solar_Sister"
    ],
    "102484946": [
        "WIKI:EN:MAs",
        "WIKI:EN:Cristiano_Ronaldo",
        "WIKI:EN:Bonnie_Somerville"
    ],
    "1024944397": [
        "WIKI:EN:Gavin_Hewitt",
        "WIKI:EN:Steven_Gerrard",
        "WIKI:EN:Cheech_&_Chong"
    ],
    "1024965140": [
        "WIKI:EN:Adal_Ramones",
        "WIKI:EN:Marquez_Branson",
        "WIKI:EN:Silvia_Olmedo"
    ],
    "1024988730": [
        "WIKI:EN:Europa-Park",
        "WIKI:EN:Lina",
        "WIKI:EN:Scott_Watson"
    ],
    "1025117072": [
        "WIKI:EN:Carol_Hansen",
        "WIKI:EN:Tessa_Kennedy",
        "WIKI:EN:Bill_Nye"
    ],
    "102512579": [
        "WIKI:EN:Dannii_Minogue",
        "WIKI:EN:Brad_Fitzpatrick",
        "WIKI:EN:Ellen_DeGeneres"
    ],
    "102516970": [
        "WIKI:EN:Marcus_Trescothick",
        "WIKI:EN:Lil_Rob",
        "WIKI:EN:Apoptygma_Berzerk"
    ],
    "102520211": [
        "WIKI:EN:Katie",
        "WIKI:EN:Katy_Perry",
        "WIKI:EN:NASA"
    ],
    "1025469163": [
        "WIKI:EN:Chris_Hecker",
        "WIKI:EN:YouTube",
        "WIKI:EN:Sundance_Film_Festival"
    ],
    "1025650062": [
        "WIKI:EN:Nico_Tortorella",
        "WIKI:EN:Richard_Edelman",
        "WIKI:EN:Paul_Martin"
    ],
    "1025655775": [
        "WIKI:EN:Matheus",
        "WIKI:EN:Liz_Lieu",
        "WIKI:EN:Jai_Paul"
    ],
    "1025657472": [
        "WIKI:EN:Johanna_Rosaly",
        "WIKI:EN:Andy_Palmer",
        "WIKI:EN:Metallica"
    ],
    "102574866": [
        "WIKI:EN:Lauren_Conrad",
        "WIKI:EN:YouTube",
        "WIKI:EN:Millena"
    ],
    "10258252": [
        "WIKI:EN:Rea_Garvey",
        "WIKI:EN:Maud_Newton",
        "WIKI:EN:Barack_Obama"
    ],
    "102619395": [
        "WIKI:EN:Carly_Booth",
        "WIKI:EN:Oliver_Thornton",
        "WIKI:EN:Elle_Decor"
    ],
    "1026298681": [
        "WIKI:EN:Maisie_Williams",
        "WIKI:EN:Coldplay",
        "WIKI:EN:Jim_Halpert"
    ],
    "1026861175": [
        "WIKI:EN:Riri_Riza",
        "WIKI:EN:Steven_Lee_Olsen",
        "WIKI:EN:Nath"
    ],
    "102692926": [
        "WIKI:EN:Ghost_story",
        "WIKI:EN:David_Shrigley",
        "WIKI:EN:Coldplay"
    ],
    "1027337827": [
        "WIKI:EN:Did_You_Know_Gaming?",
        "WIKI:EN:Alf_Rehn",
        "WIKI:EN:Ellen_DeGeneres"
    ],
    "102754039": [
        "WIKI:EN:Mike_Mullin",
        "WIKI:EN:Alfonso_de_Anda",
        "WIKI:EN:Mick_Wallace"
    ],
    "10276932": [
        "WIKI:EN:Sol_Republic",
        "WIKI:EN:Jason_Kottke",
        "WIKI:EN:Neil_Gaiman"
    ],
    "1027719169": [
        "WIKI:EN:Laurent_Ruquier",
        "WIKI:EN:Jacqueline_Gold",
        "WIKI:EN:Barack_Obama"
    ],
    "102782932": [
        "WIKI:EN:Murat_Cemcir",
        "WIKI:EN:Ahmet_Kural",
        "WIKI:EN:Instagram"
    ],
    "102790504": [
        "WIKI:EN:Bonnie_McKee",
        "WIKI:EN:Bridgit_Mendler",
        "WIKI:EN:Siksakubur"
    ],
    "102791034": [
        "WIKI:EN:Bear_Grylls",
        "WIKI:EN:The_Beatles",
        "WIKI:EN:Danielle_Nierenberg"
    ],
    "1028067528": [
        "WIKI:EN:Jamie_Foxx",
        "WIKI:EN:Jay_Pharoah",
        "WIKI:EN:Darrell_Issa"
    ],
    "102827568": [
        "WIKI:EN:Cin\ufffdpolis",
        "WIKI:EN:Mix_Up",
        "WIKI:EN:Nichi_Vendola"
    ],
    "102833474": [
        "WIKI:EN:Jeff_Burton",
        "WIKI:EN:Christina_Applegate",
        "WIKI:EN:Adin"
    ],
    "1028429347": [
        "WIKI:EN:Matheus",
        "WIKI:EN:Batatinha",
        "WIKI:EN:Is-a"
    ],
    "102845332": [
        "WIKI:EN:Rihanna",
        "WIKI:EN:Kurt_Andersen",
        "WIKI:EN:Solange_Knowles"
    ],
    "102873385": [
        "WIKI:EN:The_Bucket_List",
        "WIKI:EN:Scientific_American",
        "WIKI:EN:Science_News"
    ],
    "102888427": [
        "WIKI:EN:Thibaut_Courtois",
        "WIKI:EN:Pink_(singer)",
        "WIKI:EN:Jonah_Hill"
    ],
    "1029020569": [
        "WIKI:EN:Alessia",
        "WIKI:EN:Nicki",
        "WIKI:EN:Masahiro_Sakurai"
    ],
    "1029025598": [
        "WIKI:EN:Motionless_in_White",
        "WIKI:EN:Shy'm",
        "WIKI:EN:Warped_Tour"
    ],
    "10292942": [
        "WIKI:EN:Tony_Palermo",
        "WIKI:EN:Patrick_Reichelt",
        "WIKI:EN:Michael_Vaughan"
    ],
    "1029493698": [
        "WIKI:EN:William_Hague",
        "WIKI:EN:Max_Carver",
        "WIKI:EN:Christie_Blatchford"
    ],
    "1029660373": [
        "WIKI:EN:Justin_Bieber",
        "WIKI:EN:One_Direction",
        "WIKI:EN:The_Weather_Channel"
    ],
    "102984360": [
        "WIKI:EN:Alan_Carr",
        "WIKI:EN:Min_Reyes",
        "WIKI:EN:Brian_McFadden"
    ],
    "103002623": [
        "WIKI:EN:Morgan_Baker",
        "WIKI:EN:I_Bet_My_Life",
        "WIKI:EN:Arthur_Masuaku"
    ],
    "1030099532": [
        "WIKI:EN:Taylor_Swift",
        "WIKI:EN:James_Wan",
        "WIKI:EN:Jamba_Juice"
    ],
    "1030233325": [
        "WIKI:EN:One_Direction",
        "WIKI:EN:Niall_Horan",
        "WIKI:EN:Christian_Ehrhoff"
    ],
    "103040155": [
        "WIKI:EN:Henry_B._Eyring",
        "WIKI:EN:Bruce_Burton",
        "WIKI:EN:Christina_Hendricks"
    ],
    "1030482722": [
        "WIKI:EN:Christian_Bautista",
        "WIKI:EN:Luis_Manzano",
        "WIKI:EN:Robi_Domingo"
    ],
    "1030526876": [
        "WIKI:EN:Paresh_Patel",
        "WIKI:EN:Taylor_Swift",
        "WIKI:EN:Tim_Farley"
    ],
    "1030623170": [
        "WIKI:EN:Alok",
        "WIKI:EN:Carlos_Lisboa",
        "WIKI:EN:Liam"
    ],
    "103086335": [
        "WIKI:EN:ONEFA",
        "WIKI:EN:Eduardo_Varela",
        "WIKI:EN:Half_Moon_Run"
    ],
    "1030876123": [
        "WIKI:EN:Gail_Kasper",
        "WIKI:EN:Armin_van_Buuren",
        "WIKI:EN:Eurogamer"
    ],
    "103097074": [
        "WIKI:EN:Drew_Fuller",
        "WIKI:EN:Kris_Jenner",
        "WIKI:EN:Bay_News_9"
    ],
    "103115352": [
        "WIKI:EN:Chris_Cornell",
        "WIKI:EN:Once_Mekel",
        "WIKI:EN:Teleamazonas"
    ],
    "103117989": [
        "WIKI:EN:David_Guetta",
        "WIKI:EN:Beto_Ortiz",
        "WIKI:EN:Face_book"
    ],
    "103130076": [
        "WIKI:EN:Santiago_Segura",
        "WIKI:EN:Bill_Ralston",
        "WIKI:EN:Roberto_Pettinato"
    ],
    "103130914": [
        "WIKI:EN:Julianna_Guill",
        "WIKI:EN:Shawn_Mendes",
        "WIKI:EN:Carla_Morrison"
    ],
    "1031412776": [
        "WIKI:EN:Ree_Drummond",
        "WIKI:EN:Joe_Ingles",
        "WIKI:EN:Tommy_Tee"
    ],
    "103154966": [
        "WIKI:EN:James_Curnow",
        "WIKI:EN:Florida_Aquarium",
        "WIKI:EN:New_Zealand_Labour_Party"
    ],
    "1031589355": [
        "WIKI:EN:Twitter",
        "WIKI:EN:Sondre_Lerche",
        "WIKI:EN:Liam"
    ],
    "1031647746": [
        "WIKI:EN:Stuart_Goldsmith",
        "WIKI:EN:The_Rugby_Championship",
        "WIKI:EN:Instagram"
    ],
    "103173368": [
        "WIKI:EN:Frank_Wildhorn",
        "WIKI:EN:Zach_Galifianakis",
        "WIKI:EN:Barack_Obama"
    ],
    "1031751391": [
        "WIKI:EN:Milan_Lucic",
        "WIKI:EN:Sway_Calloway",
        "WIKI:EN:Yelawolf"
    ],
    "103198494": [
        "WIKI:EN:Eriq_La_Salle",
        "WIKI:EN:Buzz_Aldrin",
        "WIKI:EN:Skoll_Foundation"
    ],
    "1032009678": [
        "WIKI:EN:K._Michelle",
        "WIKI:EN:Keyshia_Cole",
        "WIKI:EN:Instagram"
    ],
    "103205394": [
        "WIKI:EN:Zooey_Deschanel",
        "WIKI:EN:Bakari_Sellers",
        "WIKI:EN:Jamie_Oliver"
    ],
    "10321932": [
        "WIKI:EN:SJ_AB",
        "WIKI:EN:Brad_Potts",
        "WIKI:EN:Super_45"
    ],
    "103232008": [
        "WIKI:EN:Matt_Lauer",
        "WIKI:EN:Sophie",
        "WIKI:EN:Rock_Werchter"
    ],
    "103232022": [
        "WIKI:EN:Joshua_Johnson",
        "WIKI:EN:Paulo_Coelho",
        "WIKI:EN:Kate_Lawler"
    ],
    "1032409795": [
        "WIKI:EN:Martin_Solveig",
        "WIKI:EN:Lady_Gaga",
        "WIKI:EN:Richard_Fortus"
    ],
    "103246786": [
        "WIKI:EN:Dallas_Mavericks",
        "WIKI:EN:Exclaim!",
        "WIKI:EN:Eric_Lambert"
    ],
    "1032592020": [
        "WIKI:EN:Marco_Luque",
        "WIKI:EN:MinX",
        "WIKI:EN:Michael_Novogratz"
    ],
    "1032661988": [
        "WIKI:EN:Freddy_Adu",
        "WIKI:EN:One_Direction",
        "WIKI:EN:Liya_Kebede"
    ],
    "103289920": [
        "WIKI:EN:Heather_Spohr",
        "WIKI:EN:Lady_Gaga",
        "WIKI:EN:Shakira"
    ],
    "1032926671": [
        "WIKI:EN:Ahdaf_Soueif",
        "WIKI:EN:Justin_Bieber",
        "WIKI:EN:Zorman"
    ],
    "1033016544": [
        "WIKI:EN:Jeordie_White",
        "WIKI:EN:Lady_Gaga",
        "WIKI:EN:Tanya_Tate"
    ],
    "1033212666": [
        "WIKI:EN:Joana",
        "WIKI:EN:Greg_Hemphill",
        "WIKI:EN:CNN"
    ],
    "1033314642": [
        "WIKI:EN:Real_Friends",
        "WIKI:EN:Clauss",
        "WIKI:EN:Avril_Lavigne"
    ],
    "103337197": [
        "WIKI:EN:Lady_Gaga",
        "WIKI:EN:Carly_Booth",
        "WIKI:EN:Emma_Watson"
    ],
    "103342595": [
        "WIKI:EN:Joe_Jonas",
        "WIKI:EN:La_Chat",
        "WIKI:EN:Xero_Shoes"
    ],
    "103358027": [
        "WIKI:EN:Dilated_Peoples",
        "WIKI:EN:Adidas_Originals",
        "WIKI:EN:Amy_Wong"
    ],
    "1033644528": [
        "WIKI:EN:Vinnie_Politan",
        "WIKI:EN:Michael_Monroe",
        "WIKI:EN:Tony_Robbins"
    ],
    "1033729885": [
        "WIKI:EN:Education_policy",
        "WIKI:EN:Megadeth",
        "WIKI:EN:Metallica"
    ],
    "1034036905": [
        "WIKI:EN:E._L._James",
        "WIKI:EN:Michael_Vaughan",
        "WIKI:EN:Amazon.com"
    ],
    "103405911": [
        "WIKI:EN:Marcelo_Adnet",
        "WIKI:EN:Julian_Casablancas",
        "WIKI:EN:Vera_Farmiga"
    ],
    "1034085013": [
        "WIKI:EN:John_Frazier",
        "WIKI:EN:Julian_Casablancas",
        "WIKI:EN:Today's_Golfer"
    ],
    "1034161": [
        "WIKI:EN:Ethan_Kaplan",
        "WIKI:EN:Beatie_Wolfe",
        "WIKI:EN:Biz_Stone"
    ],
    "103427207": [
        "WIKI:EN:Dentinho",
        "WIKI:EN:Jowell",
        "WIKI:EN:Residente"
    ],
    "103430847": [
        "WIKI:EN:Martin_Henderson",
        "WIKI:EN:Adele",
        "WIKI:EN:Kara_Swisher"
    ],
    "1034372562": [
        "WIKI:EN:Elzhi",
        "WIKI:EN:Luke_Rathborne",
        "WIKI:EN:The_Roots"
    ],
    "103454079": [
        "WIKI:EN:Ada_Derana",
        "WIKI:EN:La_Liga",
        "WIKI:EN:Jim_Smallman"
    ],
    "103461258": [
        "WIKI:EN:Mix_Up",
        "WIKI:EN:Lady_Gaga",
        "WIKI:EN:Marcel_Hirscher"
    ],
    "1034967680": [
        "WIKI:EN:Matt_Bennett",
        "WIKI:EN:Jasmine_Tookes",
        "WIKI:EN:Justin_Bieber"
    ],
    "1035120564": [
        "WIKI:EN:Xian_Lim",
        "WIKI:EN:Katy_Perry",
        "WIKI:EN:Angelica_Panganiban"
    ],
    "1035244034": [
        "WIKI:EN:Bear_Grylls",
        "WIKI:EN:Der_Postillon",
        "WIKI:EN:Will_Mahoney"
    ],
    "1035284948": [
        "WIKI:EN:Keith_Barker",
        "WIKI:EN:Alberto_Angela",
        "WIKI:EN:Travis_Barker"
    ],
    "103561363": [
        "WIKI:EN:Alex_M.O.R.P.H.",
        "WIKI:EN:Marques_Brownlee",
        "WIKI:EN:Jodie_Meeks"
    ],
    "103601160": [
        "WIKI:EN:Joanna_Blythman",
        "WIKI:EN:Ryuichi_Sakamoto",
        "WIKI:EN:Johnny_Jolly"
    ],
    "1036032132": [
        "WIKI:EN:Annabel_Crabb",
        "WIKI:EN:Jessica_Sanchez",
        "WIKI:EN:Bruno_Mars"
    ],
    "103606815": [
        "WIKI:EN:Carlos_Vives",
        "WIKI:EN:Ruud_van_Nistelrooy",
        "WIKI:EN:Tim_Wheeler"
    ],
    "1036289552": [
        "WIKI:EN:BryanStars",
        "WIKI:EN:Julie_Estelle",
        "WIKI:EN:Instagram"
    ],
    "1036623025": [
        "WIKI:EN:Real_Friends",
        "WIKI:EN:Jorge_Rial",
        "WIKI:EN:Modern_Baseball"
    ],
    "103683926": [
        "WIKI:EN:Tapatalk",
        "WIKI:EN:Fernando_Amorebieta",
        "WIKI:EN:Magic_8-Ball"
    ],
    "1036889304": [
        "WIKI:EN:Giorgio_Armani",
        "WIKI:EN:Cannes_Film_Festival",
        "WIKI:EN:Burberry"
    ],
    "103695833": [
        "WIKI:EN:Chris",
        "WIKI:EN:Michelle_Anderson",
        "WIKI:EN:Wargaming.net"
    ],
    "1036966026": [
        "WIKI:EN:Sam_Claflin",
        "WIKI:EN:Ed_Sheeran",
        "WIKI:EN:Tim_Cone"
    ],
    "103697635": [
        "WIKI:EN:Kevin_McCloud",
        "WIKI:EN:David_Faitelson",
        "WIKI:EN:Mundo_Deportivo"
    ],
    "103710272": [
        "WIKI:EN:Dennis_Werth",
        "WIKI:EN:David_Guetta",
        "WIKI:EN:Lady_Gaga"
    ],
    "1037218188": [
        "WIKI:EN:Stana_Katic",
        "WIKI:EN:Jessica_Capshaw",
        "WIKI:EN:Amy_Brenneman"
    ],
    "103724029": [
        "WIKI:EN:Cin\ufffdpolis",
        "WIKI:EN:Brooke_Anderson",
        "WIKI:EN:David_Steinman"
    ],
    "103734233": [
        "WIKI:EN:Craig_Custance",
        "WIKI:EN:Daniel_Tosh",
        "WIKI:EN:Anders_Holm"
    ],
    "1037439548": [
        "WIKI:EN:Bea_Alonzo",
        "WIKI:EN:Mekhi_Phifer",
        "WIKI:EN:Kris_Jenner"
    ],
    "1037446747": [
        "WIKI:EN:Ruggero_Pasquarelli",
        "WIKI:EN:Justin_Bieber",
        "WIKI:EN:Keri-Anne_Payne"
    ],
    "103754789": [
        "WIKI:EN:TwitPic",
        "WIKI:EN:Ayumi_Hamasaki",
        "WIKI:EN:De_Wereld_Draait_Door"
    ],
    "103764862": [
        "WIKI:EN:Raditya_dika",
        "WIKI:EN:Marty_Markowitz",
        "WIKI:EN:Fiksimini"
    ],
    "1037660724": [
        "WIKI:EN:Cher_Lloyd",
        "WIKI:EN:Justin_Bieber",
        "WIKI:EN:Madison_Beer"
    ],
    "103774344": [
        "WIKI:EN:Kat_Von_D",
        "WIKI:EN:Anna_Drijver",
        "WIKI:EN:Victoria's_Secret"
    ],
    "1037800752": [
        "WIKI:EN:N.",
        "WIKI:EN:Eric_Ries",
        "WIKI:EN:Juliana_Paes"
    ],
    "103797817": [
        "WIKI:EN:Fernando_Schwartz",
        "WIKI:EN:Lisa_Surihani",
        "WIKI:EN:Scha_Al-Yahya"
    ],
    "1038012194": [
        "WIKI:EN:Jerrold_Tarog",
        "WIKI:EN:Terry_Richardson",
        "WIKI:EN:Gord_Stellick"
    ],
    "103803248": [
        "WIKI:EN:Pressparty",
        "WIKI:EN:Bill_Elliott",
        "WIKI:EN:Rick_Riordan"
    ],
    "1038045986": [
        "WIKI:EN:Europa_FM",
        "WIKI:EN:Justin_Bieber",
        "WIKI:EN:John_Hanke"
    ],
    "103804651": [
        "WIKI:EN:Zaytung",
        "WIKI:EN:The_Public_Theater",
        "WIKI:EN:Marvet_Britto"
    ],
    "103828607": [
        "WIKI:EN:Aubrey_de_Grey",
        "WIKI:EN:Patricia_Bullrich",
        "WIKI:EN:Gabriela_Michetti"
    ],
    "103866018": [
        "WIKI:EN:Andrew_Ripp",
        "WIKI:EN:Alejandro_Fantino",
        "WIKI:EN:Okey_Ndibe"
    ],
    "103876251": [
        "WIKI:EN:Jo_Kwon",
        "WIKI:EN:Lisa_Maffia",
        "WIKI:EN:Maddy"
    ],
    "103885155": [
        "WIKI:EN:Kevin_Barr",
        "WIKI:EN:Luke_McGregor",
        "WIKI:EN:Bill_Cosby"
    ],
    "103901070": [
        "WIKI:EN:Noticieros_Televisa",
        "WIKI:EN:CNN",
        "WIKI:EN:Zoltan_Istvan"
    ],
    "103907235": [
        "WIKI:EN:Emily_Osment",
        "WIKI:EN:Raj_Patel",
        "WIKI:EN:Shah_Rukh_Khan"
    ],
    "1039128638": [
        "WIKI:EN:Jon_Bernthal",
        "WIKI:EN:Hannibal_Buress",
        "WIKI:EN:Luanne_Rice"
    ],
    "103917375": [
        "WIKI:EN:Carlos_Loret_de_Mola",
        "WIKI:EN:Tom_Cullen",
        "WIKI:EN:Ludwika_Paleta"
    ],
    "1039180452": [
        "WIKI:EN:Justin_Bieber",
        "WIKI:EN:Luis_Figueroa",
        "WIKI:EN:Thomas_Boswell"
    ],
    "103988575": [
        "WIKI:EN:Marc_Colombo",
        "WIKI:EN:Hallie_Haglund",
        "WIKI:EN:Ridgid"
    ],
    "103992679": [
        "WIKI:EN:Cristiano_Ronaldo",
        "WIKI:EN:Alex_Poythress",
        "WIKI:EN:Digital_Playground"
    ],
    "1039948508": [
        "WIKI:EN:Khairy_Jamaluddin",
        "WIKI:EN:Ryan_Kelley",
        "WIKI:EN:Negeri_Sembilan"
    ],
    "1040058876": [
        "WIKI:EN:Dan_Snyder",
        "WIKI:EN:Mauricio_Sanchez",
        "WIKI:EN:James_Maslow"
    ],
    "1040173813": [
        "WIKI:EN:Garrett_Morris",
        "WIKI:EN:Ayrton_Senna",
        "WIKI:EN:Elis_Paprika"
    ],
    "104022970": [
        "WIKI:EN:Clark_Bautista",
        "WIKI:EN:Ahmed_Patel",
        "WIKI:EN:Cristiano_Ronaldo"
    ],
    "104023328": [
        "WIKI:EN:Eike_Batista",
        "WIKI:EN:Stuart_Armstrong",
        "WIKI:EN:Linkin_Park"
    ],
    "1040253625": [
        "WIKI:EN:Mojang",
        "WIKI:EN:Dota_2",
        "WIKI:EN:Dota_2"
    ],
    "104029464": [
        "WIKI:EN:Hardaway",
        "WIKI:EN:Lil_Duval",
        "WIKI:EN:Manuel_L._Quezon_III"
    ],
    "1040331618": [
        "WIKI:EN:Alexia_Putellas",
        "WIKI:EN:Valentino_Rossi",
        "WIKI:EN:Beth_Orton"
    ],
    "104045503": [
        "WIKI:EN:Bob_Payne",
        "WIKI:EN:Leni_Robredo",
        "WIKI:EN:One_Direction"
    ],
    "1040612312": [
        "WIKI:EN:Shailene_Woodley",
        "WIKI:EN:Glogster",
        "WIKI:EN:Syamsul_Yusof"
    ],
    "104063445": [
        "WIKI:EN:Gustavo_Cerati",
        "WIKI:EN:BBC_Mundo",
        "WIKI:EN:HUMO"
    ],
    "1040719962": [
        "WIKI:EN:Hipstamatic",
        "WIKI:EN:Barack_Obama",
        "WIKI:EN:Steve_Novak"
    ],
    "104077121": [
        "WIKI:EN:Barack_Obama",
        "WIKI:EN:Daniel_Radosh",
        "WIKI:EN:Ashton_Kutcher"
    ],
    "1040784312": [
        "WIKI:EN:Chris",
        "WIKI:EN:Filibuster",
        "WIKI:EN:Branden_Steineckert"
    ],
    "1041111367": [
        "WIKI:EN:Hauser",
        "WIKI:EN:Mike_Harrington",
        "WIKI:EN:Nicholas_Kristof"
    ],
    "104111703": [
        "WIKI:EN:Vodafone_New_Zealand",
        "WIKI:EN:Anwar_Ibrahim",
        "WIKI:EN:Premier_League"
    ],
    "104127252": [
        "WIKI:EN:Pat_Forde",
        "WIKI:EN:The_Score_Group",
        "WIKI:EN:Isabel"
    ],
    "1041275712": [
        "WIKI:EN:Rachael_Ray",
        "WIKI:EN:Shona_McGarty",
        "WIKI:EN:Jennifer_Nettles"
    ],
    "1041283249": [
        "WIKI:EN:Scott_Jurek",
        "WIKI:EN:Jordan_Kovacs",
        "WIKI:EN:Elizabeth_Reaser"
    ],
    "104138787": [
        "WIKI:EN:Samy_Kamkar",
        "WIKI:EN:Hacker_News",
        "WIKI:EN:The_Intercept"
    ],
    "1041461594": [
        "WIKI:EN:AnimaNaturalis",
        "WIKI:EN:Goodreads",
        "WIKI:EN:Rafizi_Ramli"
    ],
    "104156615": [
        "WIKI:EN:Tom_Holland_(author)",
        "WIKI:EN:Andy_Burrows",
        "WIKI:EN:Peter_Facinelli"
    ],
    "1041593366": [
        "WIKI:EN:Gordon_Edes",
        "WIKI:EN:Cara_Delevingne",
        "WIKI:EN:Sam_Khalifa"
    ],
    "104239528": [
        "WIKI:EN:Ivan_Basso",
        "WIKI:EN:Sabina_Guzzanti",
        "WIKI:EN:Luciano_Ligabue"
    ],
    "1042408370": [
        "WIKI:EN:Terry_Tyler",
        "WIKI:EN:Alan_McDermott",
        "WIKI:EN:Mahesh_Babu"
    ],
    "104244091": [
        "WIKI:EN:Giada_De_Laurentiis",
        "WIKI:EN:Chilango",
        "WIKI:EN:Morning_Ireland"
    ],
    "1042531747": [
        "WIKI:EN:Joan_Walsh",
        "WIKI:EN:Pressparty",
        "WIKI:EN:Katy_Perry"
    ],
    "104257253": [
        "WIKI:EN:Phil_X",
        "WIKI:EN:Julieta_Venegas",
        "WIKI:EN:Best_of_Friends"
    ],
    "104265805": [
        "WIKI:EN:Ben_Myers",
        "WIKI:EN:StockTwits",
        "WIKI:EN:Kim_Richards"
    ],
    "104265880": [
        "WIKI:EN:Hasan_Cemal",
        "WIKI:EN:Hakan_Demir",
        "WIKI:EN:Jordy_Smith"
    ],
    "1042671271": [
        "WIKI:EN:Taylor_Swift",
        "WIKI:EN:Juergen_Mayer",
        "WIKI:EN:Marisa_Miller"
    ],
    "104267462": [
        "WIKI:EN:Schoolboy_Q",
        "WIKI:EN:Kendrick_Lamar",
        "WIKI:EN:Ab-Soul"
    ],
    "104307126": [
        "WIKI:EN:Ross_Kemp",
        "WIKI:EN:C.C._Chapman",
        "WIKI:EN:Darren_Rovell"
    ],
    "104308467": [
        "WIKI:EN:Ashley_Tisdale",
        "WIKI:EN:Bobbie_Houston",
        "WIKI:EN:Desmond_Jennings"
    ],
    "104315635": [
        "WIKI:EN:Leonardo_de_Lozanne",
        "WIKI:EN:Diego_Luna",
        "WIKI:EN:Ely_Guerra"
    ],
    "10432162": [
        "WIKI:EN:HostGator",
        "WIKI:EN:Jarrett_Payton",
        "WIKI:EN:Emily_Head"
    ],
    "104326390": [
        "WIKI:EN:Marimar_Vega",
        "WIKI:EN:Rick_Bayless",
        "WIKI:EN:T.A.T.u."
    ],
    "1043356478": [
        "WIKI:EN:Astrophotography",
        "WIKI:EN:Tony_Fiorentino",
        "WIKI:EN:Paul_Verhoeven_(Australia)"
    ],
    "1043598745": [
        "WIKI:EN:Gisselle",
        "WIKI:EN:Tavon_Wilson",
        "WIKI:EN:Alessandro_Cattelan"
    ],
    "1043840479": [
        "WIKI:EN:Popular_science",
        "WIKI:EN:JaCoby_Jones",
        "WIKI:EN:Super_Duper"
    ],
    "104385677": [
        "WIKI:EN:Manuel_Teodoro",
        "WIKI:EN:Tony_Fernandes",
        "WIKI:EN:Siti_Nurhaliza"
    ],
    "1043948564": [
        "WIKI:EN:Ghost_story",
        "WIKI:EN:Conan_O'Brien",
        "WIKI:EN:Joumana_Haddad"
    ],
    "104395831": [
        "WIKI:EN:Da_capo",
        "WIKI:EN:Susan_Hendricks",
        "WIKI:EN:Google_Calendar"
    ],
    "1044006126": [
        "WIKI:EN:Goodreads",
        "WIKI:EN:Barnes_&_Noble",
        "WIKI:EN:Pinterest"
    ],
    "104400737": [
        "WIKI:EN:Jared_Leto",
        "WIKI:EN:Lady_Gaga",
        "WIKI:EN:Ben_Carlin"
    ],
    "1044280435": [
        "WIKI:EN:Sanjeev_Sanyal",
        "WIKI:EN:Daniel_Portman",
        "WIKI:EN:Andrea_Saul"
    ],
    "104431004": [
        "WIKI:EN:Berto_Romero",
        "WIKI:EN:Damien_Rice",
        "WIKI:EN:Miki_Nadal"
    ],
    "104438673": [
        "WIKI:EN:Silvia_Olmedo",
        "WIKI:EN:Nelly_Furtado",
        "WIKI:EN:Sally_Ann_Matthews"
    ],
    "1044471212": [
        "WIKI:EN:Taylor_Swift",
        "WIKI:EN:Ian_Somerhalder",
        "WIKI:EN:Logan_Lerman"
    ],
    "1044602276": [
        "WIKI:EN:Pastora_Soler",
        "WIKI:EN:Rosario_Flores",
        "WIKI:EN:Sarah_Posner"
    ],
    "1044832632": [
        "WIKI:EN:Lady_Gaga",
        "WIKI:EN:Brad_Ellis",
        "WIKI:EN:Rachelle_Ann_Go"
    ],
    "1044955489": [
        "WIKI:EN:Astro_Awani",
        "WIKI:EN:Premier_League",
        "WIKI:EN:Crunchyroll"
    ],
    "1045140930": [
        "WIKI:EN:Kyra_Gracie",
        "WIKI:EN:Liam",
        "WIKI:EN:Kendall_Schmidt"
    ],
    "104521127": [
        "WIKI:EN:Tyler,_The_Creator",
        "WIKI:EN:Matty_Mullins",
        "WIKI:EN:Ashley_Taylor_Dawson"
    ],
    "1045221092": [
        "WIKI:EN:Tom_Middleton",
        "WIKI:EN:Max_Richter",
        "WIKI:EN:SoundCloud"
    ],
    "104530917": [
        "WIKI:EN:Jesper_R\ufffdnndahl",
        "WIKI:EN:Gael_Monfils",
        "WIKI:EN:Dailymotion"
    ],
    "104534345": [
        "WIKI:EN:Chad_Pennington",
        "WIKI:EN:Justin_Baldoni",
        "WIKI:EN:Residente"
    ],
    "104538822": [
        "WIKI:EN:BalconyTV",
        "WIKI:EN:Pau_Gasol",
        "WIKI:EN:Karen_Gillan"
    ],
    "1045514712": [
        "WIKI:EN:Nando_Reis",
        "WIKI:EN:Return_to_El_Salvador",
        "WIKI:EN:The_Kooks"
    ],
    "104554025": [
        "WIKI:EN:C2C",
        "WIKI:EN:Ilse_DeLange",
        "WIKI:EN:Michael_Cudlitz"
    ],
    "104558435": [
        "WIKI:EN:David_Brock",
        "WIKI:EN:Miami_Horror",
        "WIKI:EN:Goodreads"
    ],
    "1045684898": [
        "WIKI:EN:Daniel_Dae_Kim",
        "WIKI:EN:Stephen_Amell",
        "WIKI:EN:Puffin_Books"
    ],
    "104569017": [
        "WIKI:EN:Michael_Sheen",
        "WIKI:EN:Jodi_Picoult",
        "WIKI:EN:Willie_McGinest"
    ],
    "104582982": [
        "WIKI:EN:Myles_Jackman",
        "WIKI:EN:Adal_Ramones",
        "WIKI:EN:Paulina_Rubio"
    ],
    "104600554": [
        "WIKI:EN:Peter_Mensah",
        "WIKI:EN:Alison_Tyler",
        "WIKI:EN:Eduardo"
    ],
    "104608417": [
        "WIKI:EN:Cinemex",
        "WIKI:EN:Polo_Polo",
        "WIKI:EN:Anurag_Thakur"
    ],
    "104610806": [
        "WIKI:EN:Luis_Chataing",
        "WIKI:EN:Taylor_McFerrin",
        "WIKI:EN:Juan_Pablo_Raba"
    ],
    "104620962": [
        "WIKI:EN:Russell_Simmons",
        "WIKI:EN:Marlon_Wayans",
        "WIKI:EN:Solange_Knowles"
    ],
    "1046610404": [
        "WIKI:EN:Jared_Turner",
        "WIKI:EN:Dominic_Thiem",
        "WIKI:EN:Felipe_Caicedo"
    ],
    "1046622463": [
        "WIKI:EN:Lina",
        "WIKI:EN:Ellen_DeGeneres",
        "WIKI:EN:Val_Kilmer"
    ],
    "104662808": [
        "WIKI:EN:Laurence_Golborne",
        "WIKI:EN:YouTube",
        "WIKI:EN:T._A._Barron"
    ],
    "1046874044": [
        "WIKI:EN:Jamba_Juice",
        "WIKI:EN:Bad_Suns",
        "WIKI:EN:Lotto_Max"
    ],
    "1047023743": [
        "WIKI:EN:Logan_Henderson",
        "WIKI:EN:James_Maslow",
        "WIKI:EN:Kendall_Schmidt"
    ],
    "104714436": [
        "WIKI:EN:Robin_Wasserman",
        "WIKI:EN:Barack_Obama",
        "WIKI:EN:Gayle_King"
    ],
    "1047280824": [
        "WIKI:EN:Chloe",
        "WIKI:EN:One_Direction",
        "WIKI:EN:Emile_Hirsch"
    ],
    "1047769183": [
        "WIKI:EN:Franceska_Jaimes",
        "WIKI:EN:Vivian_Schiller",
        "WIKI:EN:One_Direction"
    ],
    "1047796609": [
        "WIKI:EN:Sylvie_Meis",
        "WIKI:EN:One_Direction",
        "WIKI:EN:Liam"
    ],
    "1047934177": [
        "WIKI:EN:Joel_Goldman",
        "WIKI:EN:Atom_Araullo",
        "WIKI:EN:Coldplay"
    ],
    "1047970694": [
        "WIKI:EN:Zeki_Demirkubuz",
        "WIKI:EN:Cem_Uzan",
        "WIKI:EN:Cem_Adrian"
    ],
    "1048052941": [
        "WIKI:EN:Sergio_Aguayo",
        "WIKI:EN:Craig_Ramsay",
        "WIKI:EN:Xabi_Alonso"
    ],
    "1048132836": [
        "WIKI:EN:Yukari_Tamura",
        "WIKI:EN:Joshua_Allen",
        "WIKI:EN:Babolat"
    ],
    "1048145376": [
        "WIKI:EN:Chelsea_Handler",
        "WIKI:EN:Hayley",
        "WIKI:EN:Beauty_Gonzalez"
    ],
    "1048163100": [
        "WIKI:EN:Katherine",
        "WIKI:EN:Rammstein",
        "WIKI:EN:Shelly_Martinez"
    ],
    "1048211288": [
        "WIKI:EN:Jeremy_Affeldt",
        "WIKI:EN:Taylor_Swift",
        "WIKI:EN:Tiffany_Alvord"
    ],
    "104838778": [
        "WIKI:EN:Mark_Berman",
        "WIKI:EN:Polo_Polo",
        "WIKI:EN:Eugenio_Derbez"
    ],
    "1048593152": [
        "WIKI:EN:San_E",
        "WIKI:EN:G-Eazy",
        "WIKI:EN:Katy_Perry"
    ],
    "1048745910": [
        "WIKI:EN:Corriere_dello_Sport_\ufffd_Stadio",
        "WIKI:EN:Jo_Whiley",
        "WIKI:EN:Fearne_Cotton"
    ],
    "1049003036": [
        "WIKI:EN:Haluk_Levent",
        "WIKI:EN:Diamond_Dallas_Page",
        "WIKI:EN:Cristiano_Ronaldo"
    ],
    "10491382": [
        "WIKI:EN:Daniel_Holloway",
        "WIKI:EN:Mateus_Solano",
        "WIKI:EN:Roddy_Bottum"
    ],
    "104914914": [
        "WIKI:EN:Astrophotography",
        "WIKI:EN:Adam_Bouska",
        "WIKI:EN:DJ_Rap"
    ],
    "104914917": [
        "WIKI:EN:Inquirer_Libre",
        "WIKI:EN:Surabaya",
        "WIKI:EN:Next_to_Normal"
    ],
    "1049162425": [
        "WIKI:EN:Anthony_Davidson",
        "WIKI:EN:Jens_Bergensten",
        "WIKI:EN:Mojang"
    ],
    "104917165": [
        "WIKI:EN:Dragon_City",
        "WIKI:EN:Ariel_Levy",
        "WIKI:EN:John_Kincade"
    ],
    "104925609": [
        "WIKI:EN:Bhupender_Yadav",
        "WIKI:EN:Dr._Rock",
        "WIKI:EN:Danilo_Gentili"
    ],
    "104933275": [
        "WIKI:EN:Fernando_Schwartz",
        "WIKI:EN:Claudia_Fragapane",
        "WIKI:EN:Eric_Dane"
    ],
    "104954902": [
        "WIKI:EN:Adolfo_Aguilar",
        "WIKI:EN:Josh_Peck",
        "WIKI:EN:Louis_Tomlinson"
    ],
    "10495702": [
        "WIKI:EN:Sid_Lowe",
        "WIKI:EN:Xabi_Alonso",
        "WIKI:EN:Ricky_Rubio"
    ],
    "1049623170": [
        "WIKI:EN:Maria_Ressa",
        "WIKI:EN:Alessandra_De_Rossi",
        "WIKI:EN:HubSpot"
    ],
    "104977607": [
        "WIKI:EN:Warner_Bros.",
        "WIKI:EN:J._K._Rowling",
        "WIKI:EN:Tom_Felton"
    ],
    "105000559": [
        "WIKI:EN:Alex_Hayes",
        "WIKI:EN:Juan",
        "WIKI:EN:Marcel_Hirscher"
    ],
    "1050022700": [
        "WIKI:EN:Khairy_Jamaluddin",
        "WIKI:EN:Syamsul_Yusof",
        "WIKI:EN:Lisa_Surihani"
    ],
    "10500822": [
        "WIKI:EN:Roda_Viva",
        "WIKI:EN:Danny!",
        "WIKI:EN:Alison_Levine"
    ],
    "105008436": [
        "WIKI:EN:Amrit_Singh",
        "WIKI:EN:Ray_Shah",
        "WIKI:EN:Juliana_Paes"
    ],
    "105011368": [
        "WIKI:EN:Nate_Ravitz",
        "WIKI:EN:Catherine_Fulop",
        "WIKI:EN:Daya"
    ],
    "1050147318": [
        "WIKI:EN:Hooman_Majd",
        "WIKI:EN:Kasra_Naji",
        "WIKI:EN:Lex_Veldhuis"
    ],
    "105034796": [
        "WIKI:EN:Carole_King",
        "WIKI:EN:Ugo_Ehiogu",
        "WIKI:EN:Tom_Felton"
    ],
    "105099349": [
        "WIKI:EN:Ethan_Nadelmann",
        "WIKI:EN:Maggie_Stiefvater",
        "WIKI:EN:Jimmy_Carr"
    ],
    "105106176": [
        "WIKI:EN:Inhotim",
        "WIKI:EN:Mike_Davidson",
        "WIKI:EN:James_DeGale"
    ],
    "1051108351": [
        "WIKI:EN:Willa_Holland",
        "WIKI:EN:Matteo_Salvini",
        "WIKI:EN:Erin_Hannon"
    ],
    "1051121473": [
        "WIKI:EN:Margo_Glantz",
        "WIKI:EN:Denise_Dresser",
        "WIKI:EN:Laine"
    ],
    "1051145474": [
        "WIKI:EN:Playboy",
        "WIKI:EN:Hampton_Creek",
        "WIKI:EN:Mental_Floss"
    ],
    "1051240908": [
        "WIKI:EN:Annabel",
        "WIKI:EN:Carlos_Bacca",
        "WIKI:EN:Rihanna"
    ],
    "105143827": [
        "WIKI:EN:William_Shatner",
        "WIKI:EN:Carey_Hart",
        "WIKI:EN:Allison_Melnick"
    ],
    "105150125": [
        "WIKI:EN:YouTube",
        "WIKI:EN:The_Changcuters",
        "WIKI:EN:Radioshow"
    ],
    "105168385": [
        "WIKI:EN:Spencer_Ackerman",
        "WIKI:EN:Joy_Behar",
        "WIKI:EN:Aziz_Ansari"
    ],
    "105174268": [
        "WIKI:EN:Pink_(singer)",
        "WIKI:EN:Tom_Bradby",
        "WIKI:EN:Ben_Swift"
    ],
    "1051819196": [
        "WIKI:EN:The_Kooks",
        "WIKI:EN:Ricky_Gervais",
        "WIKI:EN:Maxim_Integrated"
    ],
    "105194599": [
        "WIKI:EN:Leah_McSweeney",
        "WIKI:EN:Twitter",
        "WIKI:EN:Andrew_McMahon"
    ],
    "105198211": [
        "WIKI:EN:Chris",
        "WIKI:EN:Bina_Shah",
        "WIKI:EN:LaRoyce_Hawkins"
    ],
    "1051983049": [
        "WIKI:EN:Justin_Bieber",
        "WIKI:EN:Last.fm",
        "WIKI:EN:Carlos_Carvalhal"
    ],
    "1052012186": [
        "WIKI:EN:Louie_Anderson",
        "WIKI:EN:Rob_Refsnyder",
        "WIKI:EN:Taylor_Swift"
    ],
    "105204483": [
        "WIKI:EN:Mario_Armstrong",
        "WIKI:EN:Doumbia",
        "WIKI:EN:Rosalyn_Gold-Onwude"
    ],
    "105209472": [
        "WIKI:EN:Calvin_Harris",
        "WIKI:EN:Karol",
        "WIKI:EN:Bruno_Mars"
    ],
    "105223642": [
        "WIKI:EN:The_Beatles",
        "WIKI:EN:Patrick_Chung",
        "WIKI:EN:Justin_Bieber"
    ],
    "105256564": [
        "WIKI:EN:Cin\ufffdpolis",
        "WIKI:EN:Alejandro_Jodorowsky",
        "WIKI:EN:John_Breslin"
    ],
    "105257837": [
        "WIKI:EN:Pope_Francis",
        "WIKI:EN:9GAG",
        "WIKI:EN:Hayley"
    ],
    "105269963": [
        "WIKI:EN:Lady_Gaga",
        "WIKI:EN:Pablo",
        "WIKI:EN:Melbourne_Theatre_Company"
    ],
    "105270868": [
        "WIKI:EN:Julie_Kedzie",
        "WIKI:EN:Paolo_Nutini",
        "WIKI:EN:Z-Ro"
    ],
    "1052719579": [
        "WIKI:EN:Fernando_Navarro",
        "WIKI:EN:One_Direction",
        "WIKI:EN:Tareq_Salahi"
    ],
    "1052881836": [
        "WIKI:EN:Juan_Varela",
        "WIKI:EN:One_Direction",
        "WIKI:EN:Ryan_Sampson"
    ],
    "1053015865": [
        "WIKI:EN:Justin_Timberlake",
        "WIKI:EN:Emma_Watson",
        "WIKI:EN:Helen_Flanagan"
    ],
    "105318640": [
        "WIKI:EN:Earth_Hour",
        "WIKI:EN:British_Council",
        "WIKI:EN:Naomi_Wolf"
    ],
    "105320169": [
        "WIKI:EN:Citytv_Bogot\ufffd",
        "WIKI:EN:El_Espectador",
        "WIKI:EN:Ethan_Suplee"
    ],
    "105330342": [
        "WIKI:EN:Mariana_Rios",
        "WIKI:EN:Shay_Mitchell",
        "WIKI:EN:The_Game_Awards"
    ],
    "10533722": [
        "WIKI:EN:Manuel_Ferrara",
        "WIKI:EN:The_Brazilian",
        "WIKI:EN:Olivia_Lee"
    ],
    "1053624582": [
        "WIKI:EN:Jerzy_Buzek",
        "WIKI:EN:Justin_Bieber",
        "WIKI:EN:Lindy_Booth"
    ],
    "1053723427": [
        "WIKI:EN:Michelle_Gomez",
        "WIKI:EN:Mayo_Clinic",
        "WIKI:EN:Isabel_Marant"
    ],
    "1053862592": [
        "WIKI:EN:Justin_Bieber",
        "WIKI:EN:Nate_Lanxon",
        "WIKI:EN:Taylor_Swift"
    ],
    "1053897104": [
        "WIKI:EN:Ray_William_Johnson",
        "WIKI:EN:MLB_Network",
        "WIKI:EN:Richard_Bedford"
    ],
    "1053947882": [
        "WIKI:EN:Bill_Amend",
        "WIKI:EN:Rockstar_Games",
        "WIKI:EN:PlayStation"
    ],
    "105406926": [
        "WIKI:EN:Car_(magazine)",
        "WIKI:EN:Texas_Hippie_Coalition",
        "WIKI:EN:Urbandub"
    ],
    "1054082509": [
        "WIKI:EN:James_DeGale",
        "WIKI:EN:One_Direction",
        "WIKI:EN:Ellen_DeGeneres"
    ],
    "105421570": [
        "WIKI:EN:Ryan_Blaney",
        "WIKI:EN:Muy_Interesante",
        "WIKI:EN:Blair_Waldorf"
    ],
    "105422165": [
        "WIKI:EN:Estria",
        "WIKI:EN:Philippe_Couillard",
        "WIKI:EN:Jay_Ajayi"
    ],
    "105437124": [
        "WIKI:EN:Ashley_Davis",
        "WIKI:EN:Nate_Simpson",
        "WIKI:EN:Michael_Kessler"
    ],
    "105457593": [
        "WIKI:EN:Patricia_Bullrich",
        "WIKI:EN:Seth_Maness",
        "WIKI:EN:Andy_Burnham"
    ],
    "105463512": [
        "WIKI:EN:Lynette_Chico",
        "WIKI:EN:John_W._Henry",
        "WIKI:EN:Xabi_Alonso"
    ],
    "1054797607": [
        "WIKI:EN:Danilo",
        "WIKI:EN:Fifty_Shades_Freed",
        "WIKI:EN:Fernando_Alonso"
    ],
    "105506114": [
        "WIKI:EN:Bruno_Marioni",
        "WIKI:EN:Lady_Gaga",
        "WIKI:EN:American_Tourister"
    ],
    "1055062825": [
        "WIKI:EN:Rihanna",
        "WIKI:EN:Laurie_Penny",
        "WIKI:EN:Richard_Sambrook"
    ],
    "1055104291": [
        "WIKI:EN:Chris",
        "WIKI:EN:Maruja_Torres",
        "WIKI:EN:Soup_to_Nuts"
    ],
    "105519423": [
        "WIKI:EN:Montserrat_Oliver",
        "WIKI:EN:Galilea_Montijo",
        "WIKI:EN:Carlos_Loret_de_Mola"
    ],
    "105520536": [
        "WIKI:EN:Will_Richardson",
        "WIKI:EN:Ballers",
        "WIKI:EN:Mindy_Kaling"
    ],
    "105529855": [
        "WIKI:EN:Carlotta_Ferlito",
        "WIKI:EN:Cheryl_Reeve",
        "WIKI:EN:Magic_Mike"
    ],
    "105553307": [
        "WIKI:EN:Soleil_Moon_Frye",
        "WIKI:EN:Christy_Clark",
        "WIKI:EN:Darren_Criss"
    ],
    "105567943": [
        "WIKI:EN:Jim_Himes",
        "WIKI:EN:Tony_Rock",
        "WIKI:EN:Muy_Interesante"
    ],
    "105569822": [
        "WIKI:EN:Karl_Lagerfeld",
        "WIKI:EN:Julian_Casablancas",
        "WIKI:EN:Jackie_Jackson"
    ],
    "105592288": [
        "WIKI:EN:Carla_Morrison",
        "WIKI:EN:Jae-kyung",
        "WIKI:EN:Conor_McNamara"
    ],
    "105645265": [
        "WIKI:EN:George_Jarkesy",
        "WIKI:EN:Miranda_Cosgrove",
        "WIKI:EN:Ashley_Tisdale"
    ],
    "1056513145": [
        "WIKI:EN:Topshop",
        "WIKI:EN:Cedric_the_Entertainer",
        "WIKI:EN:Crissy"
    ],
    "1056631249": [
        "WIKI:EN:Bruce_Gilden",
        "WIKI:EN:Veronica_Belmont",
        "WIKI:EN:Nathan_Fillion"
    ],
    "10569722": [
        "WIKI:EN:Peter_Somerville",
        "WIKI:EN:Tim_Pawlenty",
        "WIKI:EN:Travis_Frederick"
    ],
    "1057112401": [
        "WIKI:EN:Frank_Bruni",
        "WIKI:EN:Rihanna",
        "WIKI:EN:DAW_Books"
    ],
    "1057516135": [
        "WIKI:EN:Susie_Cagle",
        "WIKI:EN:Red_Hot_Chili_Peppers",
        "WIKI:EN:The_Beatles"
    ],
    "1057613264": [
        "WIKI:EN:Trace_Beaulieu",
        "WIKI:EN:Mauricio_Pinilla",
        "WIKI:EN:Cam_Atkinson"
    ],
    "1057662908": [
        "WIKI:EN:Jim_Iyke",
        "WIKI:EN:Floortje_Dessing",
        "WIKI:EN:Steff"
    ],
    "1057687470": [
        "WIKI:EN:Adam_Lyth",
        "WIKI:EN:Julia_Roberts",
        "WIKI:EN:NTV_Spor"
    ],
    "1057995750": [
        "WIKI:EN:Genome_Biology",
        "WIKI:EN:Kelley_O'Hara",
        "WIKI:EN:Bob_Levy_(comedian)"
    ],
    "1058041224": [
        "WIKI:EN:Kourtney_Kardashian",
        "WIKI:EN:The_Weeknd",
        "WIKI:EN:Rihanna"
    ],
    "105812073": [
        "WIKI:EN:Russell_Brand",
        "WIKI:EN:Zooey_Deschanel",
        "WIKI:EN:Alex_Band"
    ],
    "105821710": [
        "WIKI:EN:Chloe",
        "WIKI:EN:Andrew_Belle",
        "WIKI:EN:Grace_Jones"
    ],
    "105841361": [
        "WIKI:EN:Jim_Beaver",
        "WIKI:EN:Felice_Herrig",
        "WIKI:EN:9_Full_Moons"
    ],
    "1058489468": [
        "WIKI:EN:Thabo_Sefolosha",
        "WIKI:EN:Kevin_Interdonato",
        "WIKI:EN:Matt_Jarvis"
    ],
    "105879098": [
        "WIKI:EN:Conor_Murphy",
        "WIKI:EN:Charlie_Sheen",
        "WIKI:EN:Vent-Axia"
    ],
    "1058995674": [
        "WIKI:EN:Paulo",
        "WIKI:EN:Tom_Llamas",
        "WIKI:EN:Ryan_Seacrest"
    ],
    "1059054384": [
        "WIKI:EN:Residente",
        "WIKI:EN:De_La_Ghetto",
        "WIKI:EN:Cosculluela"
    ],
    "1059078516": [
        "WIKI:EN:Louis_Tomlinson",
        "WIKI:EN:Niall_Horan",
        "WIKI:EN:Little_Mix"
    ],
    "1059093152": [
        "WIKI:EN:Joana",
        "WIKI:EN:Samira",
        "WIKI:EN:Lenta.ru"
    ],
    "105929149": [
        "WIKI:EN:Rafinha_Bastos",
        "WIKI:EN:Sabrina_Sato",
        "WIKI:EN:Marco_Luque"
    ],
    "1059669246": [
        "WIKI:EN:Bernie_Sanders",
        "WIKI:EN:Zendaya",
        "WIKI:EN:Robin_Hobb"
    ],
    "106004012": [
        "WIKI:EN:Ximena_Navarrete",
        "WIKI:EN:Clive_Davis",
        "WIKI:EN:Miss_Universe"
    ],
    "1060503840": [
        "WIKI:EN:Giorgio_A._Tsoukalos",
        "WIKI:EN:Taylor_Swift",
        "WIKI:EN:Francesco_Facchinetti"
    ],
    "1060578600": [
        "WIKI:EN:Simon_Cowell",
        "WIKI:EN:Ford_Kiernan",
        "WIKI:EN:Mediaite"
    ],
    "106065829": [
        "WIKI:EN:Joseph_Gordon-Levitt",
        "WIKI:EN:Ahmet_Kural",
        "WIKI:EN:Ariana_Grande"
    ],
    "106067609": [
        "WIKI:EN:Lady_Gaga",
        "WIKI:EN:Naoko_Yamazaki",
        "WIKI:EN:IBooks"
    ],
    "106087152": [
        "WIKI:EN:Gary_Hoover",
        "WIKI:EN:Britney_Spears",
        "WIKI:EN:CNN_Chile"
    ],
    "10610262": [
        "WIKI:EN:Wired_UK",
        "WIKI:EN:Kyle_Korver",
        "WIKI:EN:Fantasy_Flight_Games"
    ],
    "1061097006": [
        "WIKI:EN:Taissa_Farmiga",
        "WIKI:EN:Pascal_Wehrlein",
        "WIKI:EN:Ravi_Agrawal"
    ],
    "106110069": [
        "WIKI:EN:Dilma_Rousseff",
        "WIKI:EN:Darren_Swimmer",
        "WIKI:EN:Superinteressante"
    ],
    "1061120815": [
        "WIKI:EN:Zack_Snyder",
        "WIKI:EN:Logan_Leistikow",
        "WIKI:EN:Dennis_James"
    ],
    "106119275": [
        "WIKI:EN:Fernando_Alonso",
        "WIKI:EN:Tiff_Needell",
        "WIKI:EN:Manhattan_Connection"
    ],
    "106136665": [
        "WIKI:EN:Zaytung",
        "WIKI:EN:David_Flatman",
        "WIKI:EN:9GAG"
    ],
    "1061542225": [
        "WIKI:EN:Harry_McGee",
        "WIKI:EN:Niall_Horan",
        "WIKI:EN:One_Direction"
    ],
    "106162987": [
        "WIKI:EN:Channing_Tatum",
        "WIKI:EN:Ekpe_Udoh",
        "WIKI:EN:Norman_Whiteside"
    ]
}